"Team","Off.Rank","Games","Win-Loss","Off.Plays","Off.Yards","Off.Yards/Play","Off.TDs","Off.Yards.per.Game","Def.Rank","Def.Plays","Yards.Allowed","Yards/Play.Allowed","Off.TDs.Allowed","Total.TDs.Allowed","Yards.Per.Game.Allowed","Turnover.Rank","Fumbles.Recovered","Opponents.Intercepted","Turnovers.Gain","Fumbles.Lost","Interceptions.Thrown_x","Turnovers.Lost","Turnover.Margin","Avg.Turnover.Margin.per.Game","Time.of.Possession.Rank","Time.of.Possession","Average.Time.of.Possession.per.Game","Tackle.for.Loss.Rank","Solo.Tackle.For.Loss","Assist.Tackle.For.Loss","Tackle.for.Loss.Yards","Total.Tackle.For.Loss","Tackle.For.Loss.Per.Game","Sack.Rank","Sacks","Sack.Yards","Average.Sacks.per.Game","Scoring.Off.Rank","Touchdowns","PAT","2.Point.Conversions","Defensive.Points","Feild.Goals","Safety","Total.Points","Points.Per.Game","Scoring.Def.Rank","Touchdowns.Allowed","Opponent.Extra.Points","2.Point.Conversions.Allowed","Opp.Deflected.Extra.Points","Opp.Feild.Goals.Made","Opp.Safety","Points.Allowed","Avg.Points.per.Game.Allowed","Rushing.Off.Rank","Rush.Attempts","Rush.Yds","Yards/Rush","Rushing.TD","Rushing.Yards.per.Game","Rushing.Def.Rank","Opp.Rush.Attempts","Opp.Rush.Yards.Alloweed","Yds/Rush.Allowed","Opp.Rush.Touchdowns.Allowed","Rush.Yards.Per.Game.Allowed","Redzone.Off.Rank","Redzone.Attempts","Redzone.Rush.TD","Redzone.Pass.TD","Redzone.Field.Goals.Made","Redzone.Scores","Redzone.Points","Redzone.Def.Rank","Opp.Redzone.Attempts","Opp.Redzone.Rush.TD.Allowed","Opp.Redzone.Pass.Touchdowns.Allowed","Opp.Redzone.Field.Goals.Made","Opp.Redzone.Scores","Redzone.Points.Allowed","Punt.Return.Rank","Punt.Returns","Net.Punt.Return.Yards","Punt.Return.Touchdowns","Avg.Yards.Per.Punt.Return","Punt.Return.Def.Rank","Opp.Punt.Returns","Opp.Net.Punt.Return.Yards","Opp.Punt.Return.Touchdowns.Allowed","Avg.Yards.Allowed.per.Punt.Return","Passing.Off.Rank","Pass.Attempts","Pass.Completions","Interceptions.Thrown_y","Pass.Yards","Pass.Yards/Attempt","Yards/Completion","Pass.Touchdowns","Pass.Yards.Per.Game","Pass.Def.Rank","Opp.Completions.Allowed","Opp.Pass.Attempts","Opp.Pass.Yds.Allowed","Opp.Pass.TDs.Allowed","Yards/Attempt.Allowed","Yards/Completion.Allowed","Pass.Yards.Per.Game.Allowed","Kickoff.Return.Rank","Kickoffs.Returned","Kickoff.Return.Yards","Kickoff.Return.Touchdowns","Avg.Yard.per.Kickoff.Return","Kickoff.Return.Def.Rank","Opp.Kickoff.Returns","Kickoff.Touchbacks","Opponent.Kickoff.Return.Yards","Opp.Kickoff.Return.Touchdowns.Allowed","Avg.Yards.per.Kickoff.Return.Allowed","First.Down.Rank","First.Down.Runs","First.Down.Passes","First.Down.Penalties","First.Downs","First.Down.Def.Rank","Opp.First.Down.Runs","Opp.First.Down.Passes","Opp.First.Down.Penalties","Opp.First.Downs","Penalty.Rank","Penalties","Penalty.Yards","Penalty.Yards.Per.Game","3rd.Down.Rank","3rd.Attempts","3rd.Conversions","3rd.Percent","3rd.Down.Def.Rank","Opp.3rd.Conversion","Opp.3rd.Attempt","Opponent.3rd.Percent","4th.Down.Rank","4th.Attempts","4th.Conversions","4th.Percent","4rd.Down.Def.Rank","Opp.4th.Conversion","Opp.4th.Attempt","Opponent.4th.Percent"
"Tennessee (SEC)",1,12,10-2,879,6457,7.35,74,538.1,86,890,4785,5.38,35,36,398.8,11,11,9,20,8,3,11,9,0.75,131,301:53,25:09,12,70,34,348,87,7.2,58,23,119,1.92,1,75,71,1,0,15,0,568,47.3,45,36,31,1,0,11,0,282,23.5,20,485,2469,5.09,39,205.8,19,414,1341,3.24,14,111.8,6,63,34,16,9,59,0.937,20,48,12,14,11,37,0.771,7,2,5,0,2.5,7,2,5,0,2.5,3,394,271,3,3988,10.12,14.72,35,332.3,127,303,476,3444,21,7.24,11.37,287.0,67,15,297,0,19.8,17,37,31,629,0,17.0,107,86,158,29,273,107,86,158,29,273,120,96,800,66.67,34,153,66,0.431,28,58,171,0.339,10,22,33,0.667,48,14,30,0.467
"Washington (Pac-12)",2,12,10-2,892,6260,7.02,62,521.7,57,801,4425,5.52,38,40,368.8,55,5,7,12,2,8,10,2,0.17,39,371:43,30:59,71,54,26,305,67,5.6,3,7,54,0.58,4,62,56,3,0,17,2,489,40.8,62,40,33,4,0,11,1,316,26.3,71,372,1740,4.68,32,145.0,33,430,1524,3.54,13,127.0,48,65,28,15,13,56,0.862,15,38,12,11,6,29,0.763,64,8,55,0,6.88,64,8,55,0,6.88,1,520,341,8,4520,8.69,13.26,30,376.7,90,232,371,2901,25,7.82,12.5,241.8,68,24,475,0,19.79,49,50,25,939,0,18.78,87,104,129,24,257,87,104,129,24,257,105,82,741,61.75,1,163,93,0.571,119,75,167,0.449,41,14,25,0.56,49,16,34,0.471
"UCLA (Pac-12)",3,12,9-3,873,6094,6.98,61,507.8,88,841,4798,5.71,40,42,399.8,62,7,10,17,8,8,16,1,0.08,110,336:10,28:01,115,43,22,256,54,4.5,28,16,109,1.33,10,61,58,2,0,15,1,475,39.6,84,42,36,5,0,14,0,340,28.3,4,486,2956,6.08,34,246.3,30,398,1490,3.74,16,124.2,51,64,27,17,11,55,0.859,90,46,16,15,9,40,0.87,107,9,100,1,11.11,107,9,100,1,11.11,39,387,270,8,3138,8.11,11.62,27,261.5,120,297,443,3308,24,7.47,11.14,275.7,47,35,735,0,21.0,62,25,57,495,0,19.8,104,101,147,21,269,104,101,147,21,269,63,80,637,53.08,6,153,78,0.51,83,65,162,0.401,29,15,25,0.6,127,18,26,0.692
"Oregon (Pac-12)",4,12,9-3,878,6093,6.94,60,507.8,75,786,4633,5.89,38,40,386.1,8,5,16,21,3,8,11,10,0.83,28,379:49,31:39,126,38,22,208,49,4.1,1,4,18,0.33,9,62,60,1,0,14,0,476,39.7,76,40,38,0,0,17,0,329,27.4,14,476,2595,5.45,32,216.2,32,354,1506,4.25,17,125.5,60,66,27,19,10,56,0.848,20,48,16,12,9,37,0.771,116,4,52,0,13.0,116,4,52,0,13.0,15,402,285,8,3498,8.7,12.27,28,291.5,107,279,432,3127,21,7.24,11.21,260.6,109,23,402,0,17.48,117,22,56,524,0,23.82,94,87,150,26,263,94,87,150,26,263,91,83,705,58.75,23,150,69,0.46,126,76,158,0.481,26,19,31,0.613,18,9,23,0.391
"Southern California (Pac-12)",5,13,11-2,904,6498,7.19,67,499.8,102,857,5396,6.3,48,48,415.1,1,9,19,28,2,4,6,22,1.69,32,407:26,31:20,66,61,28,351,75,5.8,80,30,247,2.31,3,70,68,1,0,14,1,534,41.1,81,48,40,4,0,9,0,363,27.9,51,441,2264,5.13,29,174.2,62,415,1932,4.66,25,148.6,62,72,26,28,7,61,0.847,39,51,22,12,7,41,0.804,109,7,80,0,11.43,109,7,80,0,11.43,5,463,308,4,4234,9.14,13.75,38,325.7,112,285,442,3464,23,7.84,12.15,266.5,89,31,588,0,18.97,76,44,42,904,0,20.55,124,111,156,27,294,124,111,156,27,294,97,83,775,59.62,4,153,79,0.516,112,70,162,0.432,16,13,20,0.65,112,17,27,0.63
"Ohio St. (Big Ten)",6,12,11-1,810,5912,7.3,67,492.7,12,747,3647,4.88,26,28,303.9,23,7,10,17,4,6,10,7,0.58,49,367:06,30:36,21,70,24,312,82,6.8,5,8,46,0.67,2,70,69,0,0,15,0,534,44.5,13,28,26,1,1,11,0,231,19.2,28,434,2382,5.49,29,198.5,23,421,1439,3.42,10,119.9,4,58,22,22,11,55,0.948,121,23,6,8,7,21,0.913,36,8,42,0,5.25,36,8,42,0,5.25,14,376,251,6,3530,9.39,14.06,38,294.2,14,189,326,2208,16,6.77,11.68,184.0,85,16,308,0,19.25,70,35,40,706,0,20.17,4,66,87,20,173,4,66,87,20,173,51,69,600,50.0,21,154,71,0.461,13,54,177,0.305,7,12,17,0.706,7,8,24,0.333
"Georgia (SEC)",7,13,13-0,917,6395,6.97,61,491.9,9,795,3797,4.78,16,17,292.1,74,6,10,16,11,6,17,-1,-0.08,8,432:44,33:17,62,62,28,288,76,5.8,2,7,55,0.54,11,62,61,1,0,24,1,509,39.2,2,17,13,0,0,17,0,166,12.8,18,487,2691,5.53,37,207.0,1,341,1001,2.94,5,77.0,1,71,30,18,21,69,0.972,1,28,5,4,8,17,0.607,129,6,110,1,18.33,129,6,110,1,18.33,19,430,293,6,3704,8.61,12.64,24,284.9,52,257,454,2796,11,6.16,10.88,215.1,90,19,360,0,18.95,55,16,65,310,0,19.38,15,58,120,21,199,15,58,120,21,199,34,58,598,46.0,5,159,82,0.516,3,47,176,0.267,2,11,13,0.846,17,12,31,0.387
"Ole Miss (SEC)",8,12,8-4,917,5895,6.43,51,491.2,69,859,4558,5.31,36,36,379.8,62,10,7,17,7,9,16,1,0.08,126,316:41,26:23,50,59,30,342,74,6.2,21,14,95,1.17,27,52,49,1,0,15,1,410,34.2,50,36,33,1,0,13,0,290,24.2,3,571,3139,5.5,31,261.6,82,468,1942,4.15,15,161.8,100,59,26,12,9,47,0.797,119,44,13,17,10,40,0.909,68,10,71,0,7.1,68,10,71,0,7.1,66,346,214,9,2756,7.97,12.88,20,229.7,57,250,391,2616,21,6.69,10.46,218.0,92,22,413,0,18.77,89,21,40,450,0,21.43,74,114,117,19,250,74,114,117,19,250,103,81,740,61.67,11,174,83,0.477,68,69,178,0.388,55,15,28,0.536,21,12,30,0.4
"UTSA (C-USA)",9,13,11-2,972,6319,6.5,61,486.1,90,912,5261,5.77,40,42,404.7,34,7,13,20,8,7,15,5,0.38,62,389:11,29:56,56,51,54,262,78,6.0,54,24,155,1.85,12,63,58,2,0,21,0,503,38.7,64,42,41,2,0,16,0,345,26.5,50,511,2307,4.51,28,177.5,70,464,1966,4.24,20,151.2,17,61,21,20,14,55,0.902,35,45,15,10,11,36,0.8,24,13,54,0,4.15,24,13,54,0,4.15,12,461,318,7,4012,8.7,12.62,33,308.6,101,260,448,3295,20,7.35,12.67,253.5,53,19,395,1,20.79,57,41,33,796,0,19.41,95,106,137,21,264,95,106,137,21,264,95,90,772,59.38,8,175,87,0.497,71,76,195,0.39,63,12,24,0.5,31,15,35,0.429
"Western Ky. (C-USA)",10,13,8-5,955,6285,6.58,53,483.5,70,945,4951,5.24,35,36,380.8,15,13,17,30,10,11,21,9,0.69,92,375:19,28:52,104,47,32,267,63,4.8,18,14,92,1.08,18,60,59,1,0,15,0,466,35.8,44,36,33,1,0,18,0,305,23.5,72,388,1876,4.84,15,144.3,74,502,2023,4.03,17,155.6,72,53,13,21,10,44,0.83,101,41,12,12,12,36,0.878,100,8,78,0,9.75,100,8,78,0,9.75,2,567,364,11,4409,7.78,12.11,38,339.2,69,273,443,2928,18,6.61,10.73,225.2,49,21,438,0,20.86,36,37,35,672,0,18.16,109,112,141,23,276,109,112,141,23,276,82,80,735,56.54,47,175,72,0.411,39,68,194,0.351,104,15,37,0.405,62,14,28,0.5
"UCF (AAC)",11,13,9-4,995,6248,6.28,55,480.6,71,873,4970,5.69,36,36,382.3,90,12,6,18,13,8,21,-3,-0.23,40,402:03,30:56,70,57,32,278,73,5.6,80,30,162,2.31,26,57,51,4,0,14,2,447,34.4,39,36,31,3,0,16,0,301,23.2,8,579,3069,5.3,33,236.1,76,448,2031,4.53,21,156.2,105,62,26,12,11,49,0.79,5,54,15,9,13,37,0.685,87,17,145,0,8.53,87,17,145,0,8.53,55,416,269,8,3179,7.64,11.82,22,244.5,73,249,425,2939,15,6.92,11.8,226.1,83,31,598,0,19.29,46,23,52,430,0,18.7,89,94,137,29,260,89,94,137,29,260,43,65,622,47.85,16,195,92,0.472,58,67,180,0.372,13,17,26,0.654,33,13,30,0.433
"SMU (AAC)",12,12,7-5,918,5758,6.27,59,479.8,118,880,5349,6.08,53,53,445.8,82,8,9,17,9,10,19,-2,-0.17,119,329:13,27:26,85,55,16,297,63,5.2,41,19,124,1.58,13,60,56,0,0,15,0,461,38.4,123,53,47,2,0,15,1,416,34.7,65,442,1859,4.21,25,154.9,121,493,2438,4.95,28,203.2,12,58,22,20,11,53,0.914,72,50,20,12,10,42,0.84,45,8,46,0,5.75,45,8,46,0,5.75,6,476,306,10,3899,8.19,12.74,34,324.9,91,220,387,2911,25,7.52,13.23,242.6,63,18,362,0,20.11,126,32,44,832,0,26.0,103,122,127,19,268,103,122,127,19,268,25,53,517,43.08,17,185,87,0.47,64,67,177,0.379,36,20,34,0.588,118,22,34,0.647
"Florida St. (ACC)",13,12,9-3,832,5708,6.86,57,475.7,14,779,3687,4.73,28,28,307.2,55,7,8,15,7,6,13,2,0.17,35,374:04,31:10,55,57,32,292,73,6.1,34,18,136,1.5,17,58,54,1,0,10,0,434,36.2,16,28,26,0,0,14,0,236,19.7,12,475,2614,5.5,31,217.8,61,454,1780,3.92,11,148.3,70,61,27,16,8,51,0.836,64,36,10,10,10,30,0.833,27,11,49,0,4.45,27,11,49,0,4.45,41,357,222,6,3094,8.67,13.94,26,257.8,3,183,325,1907,17,5.87,10.42,158.9,7,13,322,1,24.77,77,20,48,411,0,20.55,29,100,98,23,221,29,100,98,23,221,106,84,743,61.92,3,156,81,0.519,26,55,163,0.337,112,8,21,0.381,85,12,22,0.545
"Alabama (SEC)",14,12,10-2,841,5706,6.78,57,475.5,15,827,3736,4.52,25,25,311.3,82,10,5,15,9,8,17,-2,-0.17,59,364:29,30:22,21,60,44,329,82,6.8,44,20,138,1.67,4,61,58,1,0,21,0,489,40.8,9,25,20,2,0,14,0,216,18.0,30,425,2367,5.57,25,197.2,31,428,1504,3.51,13,125.3,28,60,19,21,13,53,0.883,18,39,11,8,11,30,0.769,59,10,66,0,6.6,59,10,66,0,6.6,23,416,265,8,3339,8.03,12.6,32,278.2,16,220,399,2232,12,5.59,10.15,186.0,101,19,341,0,17.95,34,29,45,526,0,18.14,31,88,102,33,223,31,88,102,33,223,124,98,848,70.67,22,152,70,0.461,8,53,180,0.294,40,9,16,0.562,9,8,23,0.348
"NCSt (ACC)",15,13,9-4,965,6157,6.38,59,473.6,115,933,5697,6.11,52,53,438.2,74,5,8,13,7,7,14,-1,-0.08,67,386:02,29:42,130,32,30,180,47,3.6,105,38,183,2.92,23,60,54,1,0,13,0,455,35.0,105,53,48,2,0,11,0,403,31.0,63,474,2033,4.29,24,156.4,83,481,2104,4.37,27,161.8,106,66,19,23,10,52,0.788,90,46,22,12,6,40,0.87,78,20,156,0,7.8,78,20,156,0,7.8,9,491,326,7,4124,8.4,12.65,35,317.2,121,294,452,3593,25,7.95,12.22,276.4,31,19,415,1,21.84,106,23,53,517,0,22.48,126,117,157,26,300,126,117,157,26,300,78,81,719,55.31,13,186,88,0.473,93,73,177,0.412,19,21,33,0.636,62,13,26,0.5
"TCU (Big 12)",16,13,12-1,899,6149,6.84,64,473.0,74,925,5006,5.41,40,41,385.1,15,5,14,19,6,4,10,9,0.69,34,406:21,31:15,77,55,32,263,71,5.5,52,23,179,1.77,6,68,61,2,0,17,0,524,40.3,57,41,40,0,0,13,0,325,25.0,25,497,2600,5.23,33,200.0,66,474,1943,4.1,21,149.5,80,55,22,15,8,45,0.818,76,45,19,9,10,38,0.844,46,5,29,0,5.8,46,5,29,0,5.8,25,402,264,4,3549,8.83,13.44,31,273.0,84,243,451,3063,19,6.79,12.6,235.6,65,35,697,0,19.91,104,44,42,988,0,22.45,92,110,133,18,261,92,110,133,18,261,39,60,609,46.85,54,174,70,0.402,41,68,193,0.352,41,14,25,0.56,61,19,39,0.487
"Utah (Pac-12)",17,13,10-3,923,6145,6.66,66,472.7,19,754,4229,5.61,33,33,325.3,21,12,12,24,8,8,16,8,0.62,6,436:07,33:33,41,62,42,391,83,6.4,6,9,68,0.69,8,70,66,2,0,10,0,520,40.0,24,33,31,2,0,10,1,265,20.4,10,517,2863,5.54,37,220.2,16,363,1391,3.83,15,107.0,74,70,30,20,8,58,0.829,94,40,11,16,8,35,0.875,2,5,3,0,0.6,2,5,3,0,0.6,48,406,270,8,3282,8.08,12.16,29,252.5,58,237,391,2838,18,7.26,11.97,218.3,95,7,129,0,18.43,85,58,29,1232,0,21.24,17,76,116,14,206,17,76,116,14,206,20,59,538,41.38,9,161,80,0.497,9,45,152,0.296,22,17,27,0.63,14,11,29,0.379
"Oklahoma (Big 12)",18,12,6-6,904,5666,6.27,51,472.2,120,971,5406,5.57,45,45,450.5,23,5,16,21,6,8,14,7,0.58,128,312:17,26:01,5,66,66,388,99,8.2,66,25,123,2.08,35,51,50,1,1,11,1,395,32.9,98,45,41,1,0,14,0,355,29.6,13,521,2599,4.99,25,216.6,109,510,2268,4.45,27,189.0,64,45,21,10,7,38,0.844,80,53,25,11,9,45,0.849,10,12,34,0,2.83,10,12,34,0,2.83,45,383,237,8,3067,8.01,12.94,26,255.6,108,282,461,3138,18,6.81,11.13,261.5,68,24,475,0,19.79,127,16,54,420,0,26.25,128,132,154,23,309,128,132,154,23,309,54,67,606,50.5,57,178,71,0.399,90,80,196,0.408,116,10,27,0.37,89,14,25,0.56
"Ga. Southern (Sun Belt)",19,12,6-6,914,5613,6.14,49,467.8,129,894,5954,6.66,46,47,496.2,98,4,11,15,4,15,19,-4,-0.33,108,337:58,28:10,128,35,24,158,47,3.9,3,7,52,0.58,30,51,48,1,0,16,0,404,33.7,112,47,44,1,0,20,0,388,32.3,83,350,1689,4.83,23,140.8,129,499,2880,5.77,28,240.0,21,49,17,14,13,44,0.898,12,58,22,6,15,43,0.741,113,17,207,0,12.18,113,17,207,0,12.18,4,564,344,15,3924,6.96,11.41,26,327.0,102,233,395,3074,18,7.78,13.19,256.2,111,25,433,0,17.32,91,27,25,582,0,21.56,122,153,126,14,293,122,153,126,14,293,32,59,540,45.0,15,180,85,0.472,88,68,167,0.407,51,12,22,0.545,75,12,23,0.522
"North Texas (C-USA)",20,13,7-6,892,6030,6.76,54,463.8,124,987,5981,6.06,46,51,460.1,97,8,8,16,6,14,20,-4,-0.31,122,350:01,26:55,111,48,24,251,60,4.6,9,11,71,0.85,29,56,54,0,0,17,0,441,33.9,110,51,50,0,0,17,1,409,31.5,24,496,2622,5.29,22,201.7,107,522,2449,4.69,23,188.4,44,52,17,16,12,45,0.865,75,51,19,12,12,43,0.843,8,12,32,0,2.67,8,12,32,0,2.67,36,396,222,14,3408,8.61,15.35,32,262.2,115,296,465,3532,23,7.6,11.93,271.7,78,38,740,1,19.47,94,16,62,347,0,21.69,127,135,156,15,306,127,135,156,15,306,22,68,551,42.38,40,171,72,0.421,123,94,203,0.463,49,11,20,0.55,81,15,28,0.536
"Houston (AAC)",21,12,7-5,837,5563,6.65,54,463.6,110,864,5160,5.97,49,51,430.0,118,4,7,11,9,10,19,-8,-0.67,63,359:04,29:55,8,65,48,325,89,7.4,48,21,144,1.75,14,58,53,3,0,13,0,446,37.2,117,51,43,1,0,17,0,402,33.5,78,364,1710,4.7,17,142.5,58,416,1732,4.16,18,144.3,22,58,13,26,13,52,0.897,130,51,15,19,14,48,0.941,20,13,51,0,3.92,20,13,51,0,3.92,7,473,319,10,3853,8.15,12.08,37,321.1,126,283,448,3428,31,7.65,12.11,285.7,19,38,856,1,22.53,64,25,38,501,0,20.04,115,103,151,28,282,115,103,151,28,282,125,96,854,71.17,12,162,77,0.475,117,74,167,0.443,15,15,23,0.652,73,16,31,0.516
"Arizona (Pac-12)",22,12,5-7,811,5543,6.83,45,461.9,126,850,5612,6.6,58,60,467.7,106,12,3,15,8,13,21,-6,-0.5,109,336:42,28:03,115,41,26,177,54,4.5,58,23,219,1.92,47,45,38,3,0,18,1,370,30.8,126,60,57,0,0,7,0,438,36.5,74,352,1722,4.89,19,143.5,125,449,2509,5.59,33,209.1,82,54,15,17,12,44,0.815,99,57,27,18,5,50,0.877,80,17,140,1,8.24,80,17,140,1,8.24,8,459,283,13,3821,8.32,13.5,26,318.4,105,280,401,3103,25,7.74,11.08,258.6,103,20,354,0,17.7,88,20,45,427,0,21.35,128,140,139,30,309,128,140,139,30,309,51,65,600,50.0,39,147,62,0.422,125,64,134,0.478,92,10,23,0.435,91,12,21,0.571
"Texas Tech (Big 12)",23,12,7-5,1006,5514,5.48,50,459.5,101,857,4974,5.8,37,41,414.5,121,7,7,14,6,17,23,-9,-0.75,78,351:29,29:17,20,65,36,321,83,6.9,115,39,251,3.25,31,50,45,2,0,18,0,403,33.6,96,41,40,1,0,22,0,354,29.5,67,477,1830,3.84,25,152.5,90,473,1997,4.22,16,166.4,8,50,23,12,11,46,0.92,9,53,14,9,16,39,0.736,127,10,157,1,15.7,127,10,157,1,15.7,13,529,324,17,3684,6.96,11.37,25,307.0,97,226,384,2977,21,7.75,13.17,248.1,29,27,595,0,22.04,11,20,39,335,0,16.75,57,101,119,20,240,57,101,119,20,240,38,71,561,46.75,87,192,71,0.37,66,73,189,0.386,27,28,46,0.609,10,9,25,0.36
"East Carolina (AAC)",24,12,7-5,835,5508,6.6,46,459.0,94,798,4919,6.16,38,40,409.9,8,6,11,17,2,5,7,10,0.83,44,369:44,30:49,64,49,42,261,70,5.8,28,16,97,1.33,47,48,40,2,0,12,1,370,30.8,72,40,38,2,0,14,0,324,27.0,55,390,2046,5.25,23,170.5,18,387,1337,3.45,12,111.4,68,49,19,11,11,41,0.837,41,41,10,12,11,33,0.805,77,7,54,1,7.71,77,7,54,1,7.71,16,445,296,5,3462,7.78,11.7,23,288.5,131,271,411,3582,26,8.72,13.22,298.5,42,28,595,1,21.25,86,43,18,915,1,21.28,83,85,160,10,255,83,85,160,10,255,1,45,358,29.83,19,170,79,0.465,103,69,163,0.423,89,11,25,0.44,40,10,22,0.455
"App State (Sun Belt)",25,12,6-6,833,5464,6.56,55,455.3,36,784,4166,5.31,38,42,347.2,11,13,7,20,5,6,11,9,0.75,50,367:04,30:35,78,51,28,266,65,5.4,34,18,93,1.5,24,56,50,2,0,9,1,419,34.9,68,42,38,2,0,9,0,321,26.8,22,474,2453,5.18,27,204.4,36,420,1530,3.64,20,127.5,101,54,21,14,8,43,0.796,43,36,16,8,5,29,0.806,33,6,30,1,5.0,33,6,30,1,5.0,50,359,226,6,3011,8.39,13.32,28,250.9,61,218,364,2636,18,7.24,12.09,219.7,4,26,675,1,25.96,98,25,32,550,2,22.0,44,89,121,22,232,44,89,121,22,232,56,67,619,51.58,77,155,59,0.381,101,71,168,0.423,73,18,37,0.486,62,10,20,0.5
"Arkansas (SEC)",26,12,6-6,881,5445,6.18,46,453.8,123,846,5444,6.43,43,44,453.7,77,8,7,15,10,6,16,-1,-0.08,75,352:24,29:22,56,61,22,298,72,6.0,88,31,221,2.58,51,47,44,1,0,12,2,368,30.7,90,44,33,3,0,14,0,345,28.8,9,553,2681,4.85,22,223.4,104,453,2157,4.76,24,179.8,77,51,20,13,9,42,0.824,84,48,18,12,11,41,0.854,122,10,144,0,14.4,122,10,144,0,14.4,64,328,212,6,2764,8.43,13.04,24,230.3,118,238,393,3287,19,8.36,13.81,273.9,108,7,123,0,17.57,112,8,58,187,0,23.38,95,107,131,26,264,95,107,131,26,264,74,76,661,55.08,27,179,81,0.453,116,77,174,0.443,86,9,20,0.45,87,11,20,0.55
"Michigan (Big Ten)",27,13,13-0,895,5895,6.59,60,453.5,3,809,3602,4.45,16,18,277.1,21,3,12,15,3,4,7,8,0.62,4,440:46,33:54,81,57,26,345,70,5.4,10,13,107,1.0,7,63,61,2,0,26,0,521,40.1,5,18,16,1,0,16,0,174,13.4,6,560,3159,5.64,38,243.0,3,380,1108,2.92,7,85.2,5,64,29,14,17,60,0.938,30,29,5,6,12,23,0.793,73,7,52,1,7.43,73,7,52,1,7.43,94,335,217,4,2736,8.17,12.61,22,210.5,22,242,429,2494,9,5.81,10.31,191.8,88,17,323,0,19.0,24,21,68,365,0,17.38,12,65,118,14,197,12,65,118,14,197,4,53,420,32.31,18,173,81,0.468,20,59,182,0.324,1,17,19,0.895,6,9,28,0.321
"James Madison (Sun Belt)",28,11,8-3,807,4977,6.17,51,452.5,8,672,3184,4.74,25,28,289.5,36,13,11,24,10,10,20,4,0.36,9,366:05,33:17,2,69,52,337,95,8.6,64,22,141,2.0,15,53,50,1,0,11,2,407,37.0,29,28,25,1,1,11,0,230,20.9,39,479,2054,4.29,24,186.7,2,354,874,2.47,8,79.5,67,56,22,15,10,47,0.839,90,23,5,7,8,20,0.87,88,14,120,1,8.57,88,14,120,1,8.57,33,328,201,10,2923,8.91,14.54,27,265.7,43,174,318,2310,17,7.26,13.28,210.0,97,20,368,0,18.4,54,19,40,362,0,19.05,1,44,95,13,152,1,44,95,13,152,15,56,439,39.91,60,151,60,0.397,5,44,155,0.284,86,9,20,0.45,49,8,17,0.471
"Wake Forest (ACC)",29,12,7-5,907,5365,5.92,56,447.1,95,849,4927,5.8,41,43,410.6,91,8,7,15,6,12,18,-3,-0.25,100,343:07,28:36,38,53,48,350,77,6.4,106,36,213,3.0,16,58,56,1,0,12,0,442,36.8,93,43,32,4,0,17,1,351,29.2,92,470,1590,3.38,16,132.5,44,431,1651,3.83,13,137.6,39,62,14,28,12,54,0.871,29,48,10,17,11,38,0.792,123,7,103,0,14.71,123,7,103,0,14.71,10,437,279,12,3775,8.64,13.53,40,314.6,116,251,418,3276,28,7.84,13.05,273.0,80,16,311,0,19.44,65,49,15,984,0,20.08,64,98,135,13,246,64,98,135,13,246,13,56,465,38.75,19,170,79,0.465,92,75,182,0.412,63,15,30,0.5,56,11,23,0.478
"LSU (SEC)",30,13,9-4,928,5755,6.2,54,442.7,49,852,4701,5.52,34,37,361.6,74,11,6,17,12,6,18,-1,-0.08,38,403:55,31:04,97,46,40,252,66,5.1,123,45,219,3.46,38,56,50,1,0,10,1,420,32.3,40,36,33,1,0,17,0,302,23.2,45,486,2354,4.84,35,181.1,71,471,1983,4.21,18,152.5,47,58,32,9,9,50,0.862,35,45,15,7,14,36,0.8,102,15,151,0,10.07,102,15,151,0,10.07,38,442,295,6,3401,7.69,11.53,19,261.6,40,217,381,2718,16,7.13,12.53,209.1,72,16,315,0,19.69,120,27,42,645,0,23.89,69,112,118,18,248,69,112,118,18,248,61,79,688,52.92,14,167,79,0.473,86,74,182,0.407,63,10,20,0.5,18,9,23,0.391
"UAB (C-USA)",31,12,6-6,783,5307,6.78,44,442.2,56,815,4419,5.42,36,37,368.2,48,8,10,18,9,6,15,3,0.25,27,381:38,31:48,107,44,26,198,57,4.8,41,19,122,1.58,53,47,44,1,0,13,0,367,30.6,41,37,33,1,0,8,0,281,23.4,5,490,2925,5.97,30,243.8,94,436,2047,4.69,22,170.6,115,48,19,9,9,37,0.771,85,42,20,11,5,36,0.857,106,15,166,0,11.07,106,15,166,0,11.07,107,293,177,6,2382,8.13,13.46,14,198.5,24,217,379,2372,14,6.26,10.93,197.7,25,25,556,0,22.24,111,26,38,607,0,23.35,48,99,116,20,235,48,99,116,20,235,93,84,712,59.33,31,154,68,0.442,95,73,175,0.417,63,12,24,0.5,62,15,30,0.5
"Florida (SEC)",32,12,6-6,783,5294,6.76,47,441.2,103,838,4990,5.95,42,44,415.8,8,15,9,24,5,9,14,10,0.83,89,347:09,28:56,71,53,28,228,67,5.6,10,12,72,1.0,43,49,42,2,0,13,1,381,31.8,90,44,40,1,0,13,0,345,28.8,15,439,2564,5.84,29,213.7,101,468,2114,4.52,26,176.2,117,50,21,10,7,38,0.76,72,50,23,9,10,42,0.84,82,10,83,0,8.3,82,10,83,0,8.3,69,344,186,9,2730,7.94,14.68,18,227.5,89,223,370,2876,16,7.77,12.9,239.7,36,23,495,0,21.52,84,20,41,423,0,21.15,105,124,130,18,272,105,124,130,18,272,40,78,569,47.42,49,154,63,0.409,127,80,163,0.491,79,15,32,0.469,25,9,22,0.409
"BYU (FBS Independent)",33,12,7-5,776,5286,6.81,49,440.5,93,817,4916,6.02,44,45,409.7,55,4,7,11,3,6,9,2,0.17,87,347:38,28:58,129,34,22,188,45,3.8,10,12,60,1.0,41,51,46,1,0,9,1,383,31.9,100,45,38,1,0,16,1,360,30.0,52,396,2087,5.27,17,173.9,98,446,2088,4.68,21,174.0,108,42,10,15,8,33,0.786,94,56,18,17,14,49,0.875,50,10,60,0,6.0,50,10,60,0,6.0,32,380,250,6,3199,8.42,12.8,32,266.6,85,246,371,2828,23,7.62,11.5,235.7,61,21,425,0,20.24,101,28,33,621,1,22.18,95,111,127,26,264,95,111,127,26,264,66,70,644,53.67,29,145,65,0.448,120,72,160,0.45,130,6,23,0.261,83,13,24,0.542
"Tulane (AAC)",34,13,11-2,884,5640,6.38,58,433.8,33,925,4451,4.81,32,33,342.4,34,9,11,20,10,5,15,5,0.38,58,394:53,30:23,111,51,18,215,60,4.6,63,25,129,1.92,21,60,59,0,0,13,0,458,35.2,25,33,32,0,0,12,0,266,20.5,31,523,2562,4.9,30,197.1,73,514,2000,3.89,14,153.8,52,63,25,18,11,54,0.857,64,36,11,9,10,30,0.833,3,7,8,0,1.14,3,7,8,0,1.14,58,361,233,5,3078,8.53,13.21,28,236.8,18,240,411,2451,18,5.96,10.21,188.5,20,27,608,0,22.52,45,23,46,427,0,18.57,64,118,116,12,246,64,118,116,12,246,8,52,450,34.62,76,164,63,0.384,38,72,207,0.348,41,14,25,0.56,86,23,42,0.548
"Penn St. (Big Ten)",35,12,10-2,858,5189,6.05,52,432.4,16,829,3814,4.6,23,25,317.8,11,12,12,24,8,7,15,9,0.75,37,373:03,31:05,7,79,32,388,95,7.9,34,18,113,1.5,19,56,53,0,0,13,1,430,35.8,9,25,22,1,0,14,0,216,18.0,43,458,2185,4.77,25,182.1,14,393,1261,3.21,13,105.1,23,48,19,17,7,43,0.896,7,39,10,7,11,28,0.718,63,14,95,0,6.79,63,14,95,0,6.79,51,400,254,7,3004,7.51,11.83,27,250.3,49,230,436,2553,10,5.86,11.1,212.8,24,17,379,1,22.29,61,30,42,589,0,19.63,22,81,112,19,212,22,81,112,19,212,50,66,595,49.58,95,167,61,0.365,14,56,183,0.306,6,21,29,0.724,74,14,27,0.519
"Texas (Big 12)",36,12,8-4,810,5164,6.38,49,430.3,50,887,4344,4.9,29,30,362.0,62,4,9,13,5,7,12,1,0.08,117,330:48,27:34,12,64,46,312,87,7.2,30,17,136,1.42,20,53,53,0,0,19,0,428,35.7,30,30,28,1,0,14,1,254,21.2,26,452,2395,5.3,28,199.6,29,441,1476,3.35,13,123.0,26,55,20,15,14,49,0.891,15,38,10,9,10,29,0.763,15,10,34,0,3.4,15,10,34,0,3.4,63,358,217,7,2769,7.73,12.76,21,230.8,88,283,446,2868,16,6.43,10.13,239.0,17,19,432,0,22.74,25,34,27,591,0,17.38,76,86,143,22,251,76,86,143,22,251,41,73,570,47.5,73,150,58,0.387,79,77,194,0.397,63,10,20,0.5,78,18,34,0.529
"Baylor (Big 12)",37,12,6-6,878,5150,5.87,51,429.2,60,824,4444,5.39,38,40,370.3,55,6,13,19,6,11,17,2,0.17,16,389:37,32:28,102,46,26,241,59,4.9,44,20,130,1.67,31,54,49,2,0,8,1,403,33.6,65,40,36,0,1,13,1,319,26.6,34,509,2329,4.58,34,194.1,44,429,1651,3.85,22,137.6,88,52,29,8,5,42,0.808,120,45,20,10,11,41,0.911,30,14,66,0,4.71,30,14,66,0,4.71,61,369,236,11,2821,7.64,11.95,17,235.1,80,241,395,2793,16,7.07,11.59,232.8,113,29,497,0,17.14,121,15,56,361,1,24.07,78,107,126,19,252,78,107,126,19,252,21,57,507,42.25,36,168,72,0.429,121,73,161,0.453,12,27,41,0.659,27,7,17,0.412
"Kansas (Big 12)",38,12,6-6,727,5099,7.01,54,424.9,121,911,5419,5.95,51,51,451.6,37,9,11,20,10,6,16,4,0.33,98,344:08,28:41,107,45,24,214,57,4.8,7,9,52,0.75,27,56,53,0,0,7,0,410,34.2,119,51,46,2,0,16,1,406,33.8,33,412,2336,5.67,27,194.7,115,512,2324,4.54,32,193.7,52,56,23,18,7,48,0.857,74,57,27,8,13,48,0.842,70,10,73,0,7.3,70,10,73,0,7.3,65,315,205,6,2763,8.77,13.48,27,230.2,104,258,399,3095,19,7.76,12.0,257.9,98,22,403,0,18.32,118,21,41,501,0,23.86,124,125,145,24,294,124,125,145,24,294,42,65,571,47.58,7,141,71,0.504,124,84,179,0.469,78,8,17,0.471,124,19,28,0.679
"Ohio (MAC)",39,13,9-4,885,5512,6.23,48,424.0,113,908,5686,6.26,45,46,437.4,6,13,11,24,7,5,12,12,0.92,21,419:31,32:16,33,62,48,365,86,6.6,47,22,171,1.69,40,51,48,1,0,19,1,415,31.9,86,46,42,2,0,15,1,369,28.4,85,455,1802,3.96,22,138.6,56,427,1868,4.37,17,143.7,27,63,21,18,17,56,0.889,94,48,14,17,11,42,0.875,85,18,153,0,8.5,85,18,153,0,8.5,18,430,282,5,3710,8.63,13.16,26,285.4,130,315,481,3818,28,7.94,12.12,293.7,73,52,"1,020",1,19.62,26,37,31,650,0,17.57,122,91,179,23,293,122,91,179,23,293,27,65,575,44.23,44,171,71,0.415,69,64,165,0.388,120,6,17,0.353,16,13,34,0.382
"South Alabama (Sun Belt)",40,12,10-2,873,5087,5.83,44,423.9,11,758,3633,4.79,25,27,302.8,31,7,12,19,4,10,14,5,0.42,18,388:44,32:24,34,59,40,336,79,6.6,53,22,134,1.83,41,47,44,2,0,17,1,383,31.9,14,27,24,1,0,15,0,233,19.4,57,480,1994,4.15,19,166.2,4,342,1053,3.08,8,87.8,68,49,18,12,11,41,0.837,35,35,7,10,11,28,0.8,110,16,184,1,11.5,110,16,184,1,11.5,42,393,254,10,3093,7.87,12.18,25,257.8,51,243,416,2580,17,6.2,10.62,215.0,32,22,478,0,21.73,51,32,29,605,0,18.91,23,71,108,34,213,23,71,108,34,213,129,98,893,74.42,35,179,77,0.43,11,49,163,0.301,22,17,27,0.63,105,15,25,0.6
"Duke (ACC)",41,12,8-4,815,5054,6.2,48,421.2,73,820,4600,5.61,33,34,383.3,2,15,9,24,4,6,10,14,1.17,14,392:45,32:44,88,46,32,325,62,5.2,30,17,107,1.42,34,51,49,0,0,14,0,397,33.1,37,34,32,1,0,12,0,274,22.8,40,444,2217,4.99,28,184.8,25,390,1453,3.73,8,121.1,88,52,21,11,10,42,0.808,114,38,8,17,9,34,0.895,44,13,74,0,5.69,44,13,74,0,5.69,60,371,236,6,2837,7.65,12.02,20,236.4,109,261,430,3147,25,7.32,12.06,262.2,54,30,623,0,20.77,27,28,42,492,0,17.57,71,89,142,18,249,71,89,142,18,249,67,67,652,54.33,42,158,66,0.418,114,72,165,0.436,41,14,25,0.56,25,9,22,0.409
"Memphis (AAC)",42,12,6-6,871,5048,5.8,48,420.7,63,840,4463,5.31,40,43,371.9,37,6,13,19,7,8,15,4,0.33,61,361:34,30:08,110,43,26,183,56,4.7,92,32,197,2.67,22,52,45,2,0,20,0,421,35.1,75,43,37,3,0,9,0,328,27.3,81,446,1703,3.82,28,141.9,26,414,1461,3.53,17,121.8,29,59,26,12,14,52,0.881,64,42,16,12,7,35,0.833,124,13,192,1,14.77,124,13,192,1,14.77,22,425,270,8,3345,7.87,12.39,20,278.8,99,267,426,3002,23,7.05,11.24,250.2,12,28,647,0,23.11,122,32,31,775,1,24.22,51,87,133,17,237,51,87,133,17,237,9,48,424,35.33,25,180,82,0.456,94,74,178,0.416,54,13,24,0.542,43,11,24,0.458
"Kansas St. (Big 12)",43,13,10-3,884,5462,6.18,51,420.2,53,893,4756,5.33,30,31,365.8,5,8,16,24,6,4,10,14,1.08,31,409:16,31:29,95,58,18,288,67,5.2,33,19,121,1.46,33,54,52,0,0,18,1,432,33.2,17,31,23,2,0,16,0,261,20.1,17,530,2725,5.14,30,209.6,63,452,1936,4.28,14,148.9,15,52,21,10,16,47,0.904,43,36,13,10,6,29,0.806,33,8,40,0,5.0,33,8,40,0,5.0,93,354,224,4,2737,7.73,12.22,21,210.5,56,255,441,2820,16,6.39,11.06,216.9,8,30,737,0,24.57,15,22,49,372,0,16.91,69,97,129,22,248,69,97,129,22,248,26,68,561,43.15,70,177,69,0.39,25,62,184,0.337,45,15,27,0.556,20,13,33,0.394
"Kent St. (MAC)",44,12,5-7,866,5007,5.78,40,417.2,111,898,5199,5.79,42,42,433.2,69,6,7,13,5,8,13,0,0.0,125,320:10,26:41,64,56,28,241,70,5.8,48,21,130,1.75,66,42,36,1,0,17,0,341,28.4,92,42,41,0,0,17,2,348,29.0,23,517,2425,4.69,23,202.1,81,496,1921,3.87,19,160.1,114,49,20,7,11,38,0.776,60,46,15,10,13,38,0.826,55,15,94,0,6.27,55,15,94,0,6.27,89,349,194,8,2582,7.4,13.31,17,215.2,117,281,402,3278,23,8.15,11.67,273.2,16,37,847,0,22.89,16,34,20,575,0,16.91,112,111,151,17,279,112,111,151,17,279,70,81,657,54.75,47,175,72,0.411,75,71,180,0.394,63,12,24,0.5,99,18,31,0.581
"Georgia St. (Sun Belt)",45,12,4-8,875,5005,5.72,44,417.1,87,836,4792,5.73,44,49,399.3,31,12,13,25,13,7,20,5,0.42,112,335:14,27:56,50,46,56,286,74,6.2,98,34,174,2.83,56,47,41,2,0,11,0,360,30.0,107,49,44,3,0,10,0,374,31.2,16,577,2562,4.44,26,213.5,93,476,2046,4.3,22,170.5,73,41,21,8,5,34,0.829,94,40,17,13,5,35,0.875,47,23,135,3,5.87,47,23,135,3,5.87,101,298,174,7,2443,8.2,14.04,18,203.6,76,217,360,2746,22,7.63,12.65,228.8,131,11,103,0,9.36,113,14,47,329,0,23.5,99,124,112,29,265,99,124,112,29,265,118,85,779,64.92,51,182,74,0.407,96,68,163,0.417,45,15,27,0.556,35,11,25,0.44
"Oklahoma St. (Big 12)",46,12,7-5,943,4985,5.29,42,415.4,116,919,5290,5.76,44,44,440.8,98,5,12,17,5,16,21,-4,-0.33,106,339:00,28:15,16,65,40,259,85,7.1,71,26,151,2.17,43,45,42,1,0,21,2,381,31.8,95,44,38,4,0,14,0,352,29.3,93,450,1580,3.51,20,131.7,96,447,2056,4.6,21,171.3,32,50,17,12,15,44,0.88,116,41,13,11,13,37,0.902,90,27,235,0,8.7,90,27,235,0,8.7,20,493,278,16,3405,6.91,12.25,22,283.8,114,270,472,3234,23,6.85,11.98,269.5,9,31,750,1,24.19,50,31,25,584,0,18.84,78,95,143,14,252,78,95,143,14,252,6,43,401,33.42,97,190,69,0.363,4,50,185,0.27,128,4,15,0.267,62,15,30,0.5
"Tulsa (AAC)",47,12,5-7,843,4942,5.86,45,411.8,99,846,4971,5.88,41,47,414.2,82,10,6,16,8,10,18,-2,-0.17,91,346:42,28:54,96,39,44,205,61,5.1,128,45,284,3.75,53,45,44,0,0,17,1,367,30.6,115,47,45,1,0,22,1,397,33.1,84,429,1664,3.88,18,138.7,123,508,2495,4.91,20,207.9,32,50,15,16,13,44,0.88,113,47,16,9,17,42,0.894,115,23,293,2,12.74,115,23,293,2,12.74,24,414,241,10,3278,7.92,13.6,27,273.2,33,195,338,2476,21,7.33,12.7,206.3,128,19,303,0,15.95,7,28,30,442,0,15.79,67,123,105,19,247,67,123,105,19,247,85,74,685,57.08,63,170,67,0.394,52,66,180,0.367,17,11,17,0.647,100,14,24,0.583
"Fla. Atlantic (C-USA)",48,12,5-7,870,4938,5.68,44,411.5,107,845,5097,6.03,40,41,424.8,17,9,12,21,8,5,13,8,0.67,94,345:43,28:49,105,43,30,174,58,4.8,21,14,88,1.17,57,47,45,0,0,10,0,357,29.8,65,41,36,2,0,11,0,319,26.6,41,491,2212,4.51,19,184.3,103,440,2148,4.88,15,179.0,102,49,16,17,6,39,0.796,88,45,13,18,8,39,0.867,57,25,164,0,6.56,57,25,164,0,6.56,71,379,217,5,2726,7.19,12.56,25,227.2,96,245,405,2949,25,7.28,12.04,245.8,126,14,224,0,16.0,8,30,29,488,0,16.27,78,95,131,26,252,78,95,131,26,252,88,74,696,58.0,33,190,82,0.432,48,57,157,0.363,49,11,20,0.55,24,11,27,0.407
"Coastal Carolina (Sun Belt)",49,12,9-3,811,4934,6.08,45,411.2,97,771,4948,6.42,43,44,412.3,37,12,9,21,11,6,17,4,0.33,15,392:12,32:41,16,56,58,351,85,7.1,71,26,149,2.17,60,47,43,0,0,8,0,349,29.1,101,44,43,0,0,18,0,361,30.1,58,475,1946,4.1,19,162.2,38,407,1564,3.84,20,130.3,116,38,16,9,4,29,0.763,45,47,15,9,14,38,0.809,97,11,104,0,9.45,97,11,104,0,9.45,52,336,220,6,2988,8.89,13.58,26,249.0,124,229,364,3384,23,9.3,14.78,282.0,62,24,485,1,20.21,69,29,20,584,0,20.14,64,87,143,16,246,64,87,143,16,246,65,70,642,53.5,36,161,69,0.429,99,64,153,0.418,29,12,20,0.6,51,9,19,0.474
"Purdue (Big Ten)",50,13,8-5,971,5334,5.49,42,410.3,38,821,4548,5.54,39,41,349.8,69,6,14,20,6,14,20,0,0.0,24,416:55,32:04,109,52,18,279,61,4.7,54,24,169,1.85,70,45,41,0,0,18,0,365,28.1,54,41,34,2,0,12,0,320,24.6,105,430,1600,3.72,17,123.1,41,444,1768,3.98,15,136.0,7,53,16,18,15,49,0.925,58,39,11,14,7,32,0.821,40,19,105,0,5.53,40,19,105,0,5.53,17,541,350,14,3734,6.9,10.67,25,287.2,50,211,377,2780,24,7.37,13.18,213.8,117,26,443,0,17.04,48,27,37,506,0,18.74,41,85,117,26,228,41,85,117,26,228,69,69,711,54.69,59,191,76,0.398,22,58,177,0.328,39,15,26,0.577,62,9,18,0.5
"Maryland (Big Ten)",51,12,7-5,836,4878,5.83,43,406.5,51,860,4346,5.05,33,34,362.2,62,7,7,14,7,6,13,1,0.08,53,366:26,30:32,88,58,8,255,62,5.2,115,39,246,3.25,58,43,38,2,1,16,0,350,29.2,48,34,31,0,0,18,0,289,24.1,70,428,1761,4.11,23,146.8,51,441,1712,3.88,16,142.7,14,45,18,14,9,41,0.911,45,47,11,14,13,38,0.809,26,20,84,0,4.2,26,20,84,0,4.2,40,408,274,6,3117,7.64,11.38,20,259.8,60,245,419,2634,17,6.29,10.75,219.5,81,34,658,0,19.35,108,17,47,385,0,22.65,83,96,122,37,255,83,96,122,37,255,126,93,864,72.0,50,179,73,0.408,82,72,180,0.4,13,17,26,0.654,59,12,25,0.48
"Marshall (Sun Belt)",52,12,8-4,898,4870,5.42,33,405.8,10,772,3513,4.55,20,23,292.8,17,10,15,25,8,9,17,8,0.67,22,386:15,32:11,25,55,52,327,81,6.8,102,35,218,2.92,95,36,33,0,1,13,0,290,24.2,7,23,18,1,0,12,0,194,16.2,21,552,2467,4.47,19,205.6,5,381,1065,2.8,8,88.8,129,46,14,8,10,32,0.696,55,27,8,6,8,22,0.815,66,12,84,0,7.0,66,12,84,0,7.0,104,346,215,9,2403,6.95,11.18,14,200.2,31,206,391,2448,12,6.26,11.88,204.0,79,17,331,0,19.47,82,14,26,293,1,20.93,7,60,102,20,182,7,60,102,20,182,109,83,747,62.25,82,192,72,0.375,1,41,175,0.234,131,5,20,0.25,44,12,26,0.462
"Toledo (MAC)",53,13,8-5,936,5275,5.64,52,405.8,25,911,4314,4.74,39,42,331.8,116,5,12,17,10,15,25,-8,-0.62,81,378:45,29:08,18,69,44,355,91,7.0,54,24,159,1.85,39,54,54,0,0,13,0,417,32.1,59,42,36,4,0,12,0,332,25.5,49,526,2314,4.4,22,178.0,59,503,1903,3.78,24,146.4,35,49,16,19,8,43,0.878,89,38,18,9,6,33,0.868,33,8,40,1,5.0,33,8,40,1,5.0,68,410,228,15,2961,7.22,12.99,30,227.8,15,221,408,2411,15,5.91,10.91,185.5,125,21,341,0,16.24,92,48,19,1035,0,21.56,36,103,108,13,224,36,103,108,13,224,72,89,715,55.0,75,192,74,0.385,27,72,213,0.338,25,16,26,0.615,29,10,24,0.417
"Louisville (ACC)",54,12,7-5,814,4861,5.97,35,405.1,35,795,4165,5.24,29,29,347.1,17,13,15,28,10,10,20,8,0.67,65,358:17,29:51,12,68,38,386,87,7.2,71,26,166,2.17,76,39,35,0,0,19,0,326,27.2,19,29,29,0,0,13,0,242,20.2,35,469,2321,4.95,23,193.4,48,448,1687,3.77,13,140.6,64,45,16,6,16,38,0.844,10,42,10,10,11,31,0.738,39,23,127,0,5.52,39,23,127,0,5.52,92,345,205,10,2540,7.36,12.39,12,211.7,34,204,347,2478,16,7.14,12.15,206.5,5,14,353,1,25.21,13,22,40,371,0,16.86,41,104,101,23,228,41,104,101,23,228,123,85,833,69.42,90,163,60,0.368,36,55,159,0.346,113,11,29,0.379,1,3,19,0.158
"Clemson (ACC)",55,13,11-2,925,5260,5.69,54,404.6,24,864,4307,4.98,29,32,331.3,67,8,13,21,12,8,20,1,0.08,43,400:44,30:50,6,81,44,403,103,7.9,54,24,152,1.85,25,56,51,3,0,18,2,451,34.7,17,32,30,0,0,13,0,261,20.1,46,501,2327,4.64,30,179.0,10,404,1314,3.25,11,101.1,2,58,26,18,12,56,0.966,47,42,11,12,11,34,0.81,105,22,233,1,10.59,105,22,233,1,10.59,74,424,268,8,2933,6.92,10.94,24,225.6,77,280,460,2993,18,6.51,10.69,230.2,14,14,322,0,23.0,60,13,67,255,0,19.62,51,83,132,22,237,51,83,132,22,237,47,72,630,48.46,10,193,94,0.487,46,66,183,0.361,10,6,9,0.667,12,9,24,0.375
"Minnesota (Big Ten)",56,12,8-4,813,4849,5.96,42,404.1,5,685,3354,4.9,16,16,279.5,37,4,13,17,4,9,13,4,0.33,2,422:52,35:14,131,35,12,147,41,3.4,20,13,87,1.08,68,42,42,0,0,15,0,339,28.2,4,16,16,0,0,16,0,160,13.3,11,548,2618,4.78,32,218.2,15,342,1270,3.71,8,105.8,46,51,29,6,9,44,0.863,103,25,7,3,12,22,0.88,11,9,26,0,2.89,11,9,26,0,2.89,114,265,161,9,2231,8.42,13.86,10,185.9,8,197,343,2084,8,6.08,10.58,173.7,42,20,425,0,21.25,74,6,58,123,0,20.5,3,68,94,10,172,3,68,94,10,172,5,44,393,32.75,2,156,82,0.526,2,39,149,0.262,51,6,11,0.545,100,14,24,0.583
"Pittsburgh (ACC)",57,12,8-4,823,4830,5.87,40,402.5,17,772,3836,4.97,32,34,319.7,82,7,10,17,9,10,19,-2,-0.17,11,394:57,32:55,21,69,26,399,82,6.8,34,18,143,1.5,47,46,45,1,0,15,1,370,30.8,41,34,29,0,0,16,0,281,23.4,44,475,2175,4.58,28,181.2,7,356,1146,3.22,11,95.5,92,41,20,5,8,33,0.805,52,43,10,14,11,35,0.814,31,18,87,1,4.83,31,18,87,1,4.83,79,348,202,10,2655,7.63,13.14,12,221.2,67,229,416,2690,21,6.47,11.75,224.2,121,27,450,0,16.67,17,16,52,272,0,17.0,19,65,114,30,209,19,65,114,30,209,119,90,793,66.08,52,161,65,0.404,17,53,170,0.312,120,6,17,0.353,53,10,21,0.476
"Liberty (FBS Independent)",58,12,8-4,848,4809,5.67,42,400.8,34,822,4144,5.04,34,37,345.3,91,9,14,23,11,15,26,-3,-0.25,76,352:13,29:21,1,75,68,454,109,9.1,115,39,204,3.25,68,43,40,2,0,11,2,339,28.2,56,37,32,2,0,13,1,299,24.9,47,473,2143,4.53,23,178.6,57,460,1729,3.76,19,144.1,94,45,17,11,8,36,0.8,47,42,14,10,10,34,0.81,108,12,137,0,11.42,108,12,137,0,11.42,78,375,217,15,2666,7.11,12.29,19,222.2,28,211,362,2415,15,6.67,11.45,201.2,46,35,738,1,21.09,53,21,41,400,0,19.05,25,88,100,27,215,25,88,100,27,215,68,75,656,54.67,84,167,62,0.371,19,56,175,0.32,83,11,24,0.458,91,16,28,0.571
"Oregon St. (Pac-12)",59,12,9-3,781,4795,6.14,48,399.6,32,779,4107,5.27,28,31,342.2,77,5,12,17,5,13,18,-1,-0.08,23,386:06,32:11,98,41,38,243,60,5.0,10,12,80,1.0,37,52,45,1,0,10,0,389,32.4,31,31,29,0,0,14,0,257,21.4,27,485,2390,4.93,33,199.2,20,342,1368,4.0,17,114.0,82,54,27,9,8,44,0.815,3,40,13,7,7,27,0.675,111,9,105,0,11.67,111,9,105,0,11.67,103,296,184,13,2405,8.12,13.07,15,200.4,74,253,437,2739,11,6.27,10.83,228.2,15,28,641,0,22.89,116,30,35,714,1,23.8,31,91,113,19,223,31,91,113,19,223,74,71,661,55.08,38,142,60,0.423,72,64,164,0.39,9,15,22,0.682,7,8,24,0.333
"West Virginia (Big 12)",60,12,5-7,870,4788,5.5,44,399.0,96,820,4947,6.03,46,50,412.2,118,6,4,10,6,12,18,-8,-0.67,33,375:47,31:19,68,52,32,287,68,5.7,44,20,144,1.67,53,47,39,1,1,14,0,367,30.6,114,50,46,1,1,15,0,395,32.9,54,445,2058,4.62,24,171.5,68,434,1795,4.14,24,149.6,13,46,19,10,13,42,0.913,70,43,19,10,7,36,0.837,9,7,19,0,2.71,9,7,19,0,2.71,69,425,254,12,2730,6.42,10.75,20,227.5,110,229,386,3152,22,8.17,13.76,262.7,102,25,444,0,17.76,81,39,24,814,1,20.87,89,102,136,22,260,89,102,136,22,260,62,77,636,53.0,46,177,73,0.412,89,66,162,0.407,8,22,32,0.688,91,16,28,0.571
"Air Force (Mountain West)",61,12,9-3,815,4784,5.87,41,398.7,1,608,3077,5.06,18,18,256.4,48,7,9,16,11,2,13,3,0.25,1,435:08,36:16,82,48,32,270,64,5.3,10,12,26,1.0,73,41,41,0,0,15,0,332,27.7,3,18,15,0,0,12,0,159,13.2,1,735,3971,5.4,34,330.9,9,340,1197,3.52,10,99.8,37,39,24,1,9,34,0.872,14,25,6,4,9,19,0.76,14,9,28,0,3.11,14,9,28,0,3.11,131,80,37,2,813,10.16,21.97,7,67.8,2,159,268,1880,8,7.01,11.82,156.7,130,4,54,0,13.5,20,29,28,494,0,17.03,2,68,84,5,157,2,68,84,5,157,2,49,366,30.5,30,160,71,0.444,12,39,129,0.302,3,19,24,0.792,12,6,16,0.375
"Fresno St. (Mountain West)",62,13,9-4,871,5138,5.9,46,395.2,40,864,4562,5.28,30,30,350.9,53,6,11,17,5,9,14,3,0.23,41,401:29,30:53,75,58,28,274,72,5.5,96,35,223,2.69,50,49,47,1,0,18,1,399,30.7,25,30,25,2,0,19,0,266,20.5,96,434,1630,3.76,26,125.4,79,462,2049,4.44,16,157.6,94,60,20,12,16,48,0.8,32,44,12,9,14,35,0.795,79,10,80,0,8.0,79,10,80,0,8.0,27,437,312,9,3508,8.03,11.24,20,269.8,23,210,402,2513,14,6.25,11.97,193.3,22,30,673,0,22.43,32,29,34,523,0,18.03,61,104,115,25,244,61,104,115,25,244,18,57,532,40.92,26,165,75,0.455,53,69,188,0.367,80,7,15,0.467,60,16,33,0.485
"Mississippi St. (SEC)",63,12,8-4,862,4718,5.47,47,393.2,39,808,4204,5.2,34,35,350.3,31,8,14,22,10,7,17,5,0.42,77,351:31,29:18,42,48,56,268,76,6.3,71,26,243,2.17,36,53,44,0,0,10,0,392,32.7,50,35,30,1,0,16,0,290,24.2,130,273,946,3.47,12,78.8,55,419,1723,4.11,19,143.6,16,41,9,23,5,37,0.902,52,43,13,11,11,35,0.814,75,14,107,1,7.64,75,14,107,1,7.64,11,589,398,7,3772,6.4,9.48,35,314.3,36,230,389,2481,15,6.38,10.79,206.8,1,29,807,1,27.83,34,29,38,526,0,18.14,27,89,101,30,220,27,89,101,30,220,102,76,735,61.25,71,162,63,0.389,28,58,171,0.339,63,14,28,0.5,44,12,26,0.462
"Cincinnati (AAC)",64,12,9-3,788,4713,5.98,40,392.8,23,872,3942,4.52,30,30,328.5,37,8,9,17,5,8,13,4,0.33,104,339:56,28:20,15,64,44,346,86,7.2,88,31,240,2.58,46,45,44,1,0,19,0,373,31.1,23,30,27,0,0,11,2,244,20.3,88,388,1642,4.23,19,136.8,49,504,1705,3.38,16,142.1,18,40,13,8,15,36,0.9,24,40,13,10,8,31,0.775,16,20,70,0,3.5,16,20,70,0,3.5,44,400,241,8,3071,7.68,12.74,21,255.9,17,202,368,2237,14,6.08,11.07,186.4,56,18,372,1,20.67,14,19,45,321,0,16.89,59,102,107,33,242,59,102,107,33,242,122,95,812,67.67,78,169,64,0.379,61,72,191,0.377,20,12,19,0.632,34,10,23,0.435
"Louisiana Tech (C-USA)",65,12,3-9,833,4704,5.65,39,392.0,127,863,5625,6.52,54,58,468.8,82,12,11,23,6,19,25,-2,-0.17,69,354:59,29:35,113,43,24,229,55,4.6,92,32,210,2.67,62,42,38,2,0,18,0,348,29.0,128,58,54,1,0,17,0,455,37.9,98,399,1497,3.75,14,124.8,130,477,2918,6.12,34,243.2,125,49,11,12,12,35,0.714,68,55,21,11,14,46,0.836,120,8,110,2,13.75,120,8,110,2,13.75,30,434,254,19,3207,7.39,12.63,25,267.2,71,219,386,2707,20,7.01,12.36,225.6,41,35,744,0,21.26,42,26,35,479,0,18.42,119,140,124,26,290,119,140,124,26,290,115,82,771,64.25,94,177,65,0.367,111,71,165,0.43,100,13,31,0.419,121,18,27,0.667
"South Fla. (AAC)",66,12,1-11,767,4690,6.11,43,390.8,131,835,6199,7.42,62,64,516.6,98,10,6,16,11,9,20,-4,-0.33,74,353:41,29:28,88,52,20,199,62,5.2,21,14,92,1.17,71,44,37,4,0,9,0,336,28.0,130,64,61,1,0,15,1,494,41.2,29,441,2375,5.39,25,197.9,128,460,2815,6.12,37,234.6,58,47,18,14,8,40,0.851,67,61,24,13,14,51,0.836,98,8,77,0,9.62,98,8,77,0,9.62,110,326,188,9,2315,7.1,12.31,18,192.9,124,275,375,3384,25,9.02,12.31,282.0,45,47,994,1,21.15,43,9,50,166,0,18.44,128,134,159,16,309,128,134,159,16,309,10,55,443,36.92,68,151,59,0.391,130,73,145,0.503,84,14,31,0.452,108,14,23,0.609
"Middle Tenn. (C-USA)",67,12,7-5,892,4683,5.25,39,390.2,98,887,4959,5.59,41,44,413.2,17,8,17,25,7,10,17,8,0.67,93,346:12,28:51,25,62,38,380,81,6.8,85,30,200,2.5,58,45,44,0,0,12,0,350,29.2,82,44,41,0,0,10,1,337,28.1,104,423,1477,3.49,20,123.1,27,420,1463,3.48,14,121.9,93,51,17,12,12,41,0.804,2,46,11,13,7,31,0.674,50,21,126,0,6.0,50,21,126,0,6.0,31,469,315,10,3206,6.84,10.18,19,267.2,129,275,467,3496,27,7.49,12.71,291.3,57,16,330,0,20.62,59,49,11,956,1,19.51,95,88,154,22,264,95,88,154,22,264,92,80,708,59.0,102,185,66,0.357,75,71,180,0.394,36,20,34,0.588,40,15,33,0.455
"Arizona St. (Pac-12)",68,12,3-9,788,4646,5.9,39,387.2,106,841,5058,6.01,45,46,421.5,106,1,11,12,9,9,18,-6,-0.5,47,368:29,30:42,124,39,22,182,50,4.2,82,28,213,2.33,81,40,34,3,0,11,0,313,26.1,108,46,43,2,0,18,0,377,31.4,90,385,1623,4.22,21,135.2,106,435,2257,5.19,31,188.1,61,46,18,14,7,39,0.848,112,56,28,10,12,50,0.893,114,21,265,1,12.62,114,21,265,1,12.62,49,403,270,9,3023,7.5,11.2,18,251.9,81,246,406,2801,14,6.9,11.39,233.4,10,33,797,0,24.15,37,24,31,437,0,18.21,118,120,138,30,288,118,120,138,30,288,127,87,868,72.33,60,151,60,0.397,128,82,166,0.494,29,12,20,0.6,27,7,17,0.412
"Charlotte (C-USA)",69,12,3-9,800,4645,5.81,40,387.1,128,820,5805,7.08,57,62,483.8,118,4,9,13,7,14,21,-8,-0.67,71,354:52,29:34,88,46,32,196,62,5.2,98,34,236,2.83,91,41,36,1,0,3,0,293,24.4,129,62,53,3,0,14,0,473,39.4,111,371,1393,3.75,13,116.1,122,477,2463,5.16,29,205.2,45,37,10,19,3,32,0.865,59,57,23,13,11,47,0.825,4,9,19,1,2.11,4,9,19,1,2.11,26,429,257,14,3252,7.58,12.65,27,271.0,122,240,343,3342,28,9.74,13.92,278.5,87,44,838,0,19.05,80,13,28,271,0,20.85,121,130,136,26,292,121,130,136,26,292,96,81,714,59.5,62,159,63,0.396,118,64,144,0.444,120,12,34,0.353,112,17,27,0.63
"Illinois (Big Ten)",70,12,8-4,876,4640,5.3,32,386.7,2,743,3166,4.26,14,14,263.8,2,8,22,30,11,5,16,14,1.17,12,394:11,32:51,25,63,36,341,81,6.8,48,21,141,1.75,84,35,33,1,0,20,0,305,25.4,1,14,12,0,0,17,0,147,12.2,48,515,2140,4.16,17,178.3,8,373,1181,3.17,6,98.4,94,50,14,9,17,40,0.8,11,27,6,4,10,20,0.741,85,6,51,0,8.5,85,6,51,0,8.5,97,361,252,5,2500,6.93,9.92,15,208.3,6,183,370,1985,8,5.36,10.85,165.4,58,12,245,0,20.42,72,25,31,506,0,20.24,5,63,89,26,178,5,63,89,26,178,116,82,773,64.42,74,176,68,0.386,7,49,169,0.29,75,12,25,0.48,30,8,19,0.421
"UTEP (C-USA)",71,12,5-7,844,4618,5.47,29,384.8,42,721,4230,5.87,36,41,352.5,103,11,5,16,9,12,21,-5,-0.42,5,405:30,33:47,42,52,48,286,76,6.3,64,24,203,2.0,91,32,31,1,0,22,1,293,24.4,72,41,37,1,0,13,0,324,27.0,56,464,2006,4.32,14,167.2,41,403,1632,4.05,13,136.0,94,40,11,7,14,32,0.8,32,44,11,14,10,35,0.795,83,16,133,0,8.31,83,16,133,0,8.31,86,380,202,12,2612,6.87,12.93,15,217.7,55,180,318,2598,23,8.17,14.43,216.5,114,20,342,0,17.1,93,15,40,324,0,21.6,38,91,112,23,226,38,91,112,23,226,80,78,669,55.75,69,169,66,0.391,37,49,141,0.348,48,16,29,0.552,130,10,14,0.714
"Ball St. (MAC)",72,12,5-7,898,4610,5.13,32,384.2,85,947,4779,5.05,40,40,398.2,106,8,7,15,7,14,21,-6,-0.5,111,336:03,28:00,78,48,34,251,65,5.4,21,14,121,1.17,99,33,28,1,0,17,0,279,23.2,70,40,35,2,0,14,1,323,26.9,64,417,1868,4.48,14,155.7,105,531,2186,4.12,23,182.2,30,42,10,15,12,37,0.881,76,45,19,10,9,38,0.844,58,17,112,0,6.59,58,17,112,0,6.59,67,481,287,14,2742,5.7,9.55,18,228.5,53,241,416,2593,17,6.23,10.76,216.1,37,22,473,0,21.5,44,31,10,572,0,18.45,113,126,129,25,280,113,126,129,25,280,81,72,676,56.33,92,185,68,0.368,78,79,200,0.395,127,6,22,0.273,62,16,32,0.5
"Notre Dame (FBS Independent)",73,12,8-4,790,4592,5.81,44,382.7,22,760,3929,5.17,33,34,327.4,82,4,9,13,7,8,15,-2,-0.17,30,378:53,31:34,47,50,50,334,75,6.2,41,19,107,1.58,51,47,43,1,0,13,1,368,30.7,32,34,26,2,0,9,0,261,21.8,42,486,2193,4.51,22,182.8,43,414,1642,3.97,16,136.8,42,45,22,10,7,39,0.867,129,33,14,12,5,31,0.939,89,8,69,0,8.62,89,8,69,0,8.62,106,304,192,8,2399,7.89,12.49,22,199.9,20,201,346,2287,17,6.61,11.38,190.6,81,17,329,0,19.35,28,17,44,304,0,17.88,20,93,95,23,211,20,93,95,23,211,23,56,510,42.5,24,157,72,0.459,50,56,153,0.366,105,6,15,0.4,38,9,20,0.45
"Boise St. (Mountain West)",74,13,9-4,864,4962,5.74,43,381.7,6,786,3660,4.66,25,29,281.5,67,5,13,18,8,9,17,1,0.08,52,397:06,30:33,62,58,36,324,76,5.8,18,14,111,1.08,61,45,45,0,0,21,0,378,29.1,11,29,28,0,0,13,0,241,18.5,38,501,2431,4.85,24,187.0,24,460,1571,3.42,14,120.8,41,53,18,14,14,46,0.868,23,31,12,1,11,24,0.774,131,10,187,3,18.7,131,10,187,3,18.7,109,363,216,9,2531,6.97,11.72,19,194.7,5,168,326,2089,11,6.41,12.43,160.7,21,22,494,0,22.45,79,36,37,748,1,20.78,6,90,79,12,181,6,90,79,12,181,37,70,605,46.54,57,178,71,0.399,10,54,182,0.297,29,9,15,0.6,38,9,20,0.45
"South Carolina (SEC)",75,12,8-4,761,4573,6.01,47,381.1,79,846,4703,5.56,41,42,391.9,103,8,12,20,12,13,25,-5,-0.42,82,349:36,29:08,115,42,24,230,54,4.5,82,28,173,2.33,45,50,40,5,0,10,0,380,31.7,78,42,39,1,0,11,2,330,27.5,100,389,1480,3.8,27,123.3,113,476,2309,4.85,20,192.4,66,51,24,12,7,43,0.843,69,49,18,15,8,41,0.837,29,19,85,0,4.47,29,19,85,0,4.47,42,372,250,13,3093,8.31,12.37,20,257.8,27,198,370,2394,21,6.47,12.09,199.5,6,21,526,1,25.05,23,18,44,310,0,17.22,99,125,109,31,265,99,125,109,31,265,112,82,756,63.0,64,145,57,0.393,96,68,163,0.417,29,12,20,0.6,78,9,17,0.529
"Auburn (SEC)",76,12,5-7,796,4542,5.71,34,378.5,81,859,4743,5.52,43,45,395.2,124,7,6,13,12,12,24,-11,-0.92,66,358:02,29:50,88,54,16,269,62,5.2,92,32,196,2.67,88,35,31,1,0,18,0,297,24.8,96,45,42,0,0,14,0,354,29.5,19,488,2470,5.06,25,205.8,97,447,2072,4.64,28,172.7,30,42,18,6,13,37,0.881,111,46,24,7,10,41,0.891,23,10,41,0,4.1,23,10,41,0,4.1,118,308,159,12,2072,6.73,13.03,9,172.7,64,238,412,2671,15,6.48,11.22,222.6,112,23,396,0,17.22,103,31,16,694,1,22.39,63,109,119,17,245,63,109,119,17,245,87,90,688,57.33,100,178,64,0.36,108,76,179,0.425,35,13,22,0.591,62,6,12,0.5
"Buffalo (MAC)",77,12,6-6,921,4517,4.9,38,376.4,77,781,4690,6.01,40,42,390.8,11,14,12,26,9,8,17,9,0.75,20,387:40,32:18,34,57,44,308,79,6.6,85,30,181,2.5,62,41,39,0,0,21,0,348,29.0,74,42,37,1,0,11,1,326,27.2,73,496,1723,3.47,21,143.6,99,418,2096,5.01,23,174.7,18,40,16,10,10,36,0.9,87,43,17,12,8,37,0.86,121,16,228,0,14.25,121,16,228,0,14.25,62,425,252,8,2794,6.57,11.09,17,232.8,54,205,363,2594,17,7.15,12.65,216.2,55,31,641,0,20.68,115,23,40,543,1,23.61,31,89,109,25,223,31,89,109,25,223,60,69,635,52.92,91,193,71,0.368,34,54,158,0.342,34,22,37,0.595,21,10,25,0.4
"Washington St. (Pac-12)",78,12,7-5,807,4506,5.58,40,375.5,80,827,4729,5.72,32,34,394.1,37,9,12,21,9,8,17,4,0.33,115,332:52,27:44,50,53,42,318,74,6.2,119,40,270,3.33,72,43,40,1,0,11,0,333,27.8,33,34,27,1,0,12,0,269,22.4,113,339,1344,3.96,16,112.0,35,403,1529,3.79,15,127.4,10,47,15,19,9,43,0.915,24,40,13,9,9,31,0.775,21,14,55,0,3.93,21,14,55,0,3.93,35,468,301,8,3162,6.76,10.5,24,263.5,113,262,424,3200,17,7.55,12.21,266.7,18,23,519,0,22.57,95,18,38,391,0,21.72,55,99,123,17,239,55,99,123,17,239,30,63,537,44.75,86,162,60,0.37,57,62,167,0.371,82,12,26,0.462,21,12,30,0.4
"Troy (Sun Belt)",79,13,11-2,832,4878,5.86,39,375.2,19,902,4229,4.69,28,28,325.3,53,11,11,22,6,13,19,3,0.23,60,393:45,30:17,66,49,52,348,75,5.8,110,40,239,3.08,80,42,40,0,0,16,0,340,26.2,8,28,22,0,0,12,1,228,17.5,106,455,1591,3.5,20,122.4,22,460,1531,3.33,15,117.8,94,45,16,8,12,36,0.8,56,38,14,8,9,31,0.816,61,16,108,0,6.75,61,16,108,0,6.75,47,377,238,13,3287,8.72,13.81,19,252.8,38,267,442,2698,13,6.1,10.1,207.5,99,17,306,0,18.0,41,22,42,405,0,18.41,85,103,130,23,256,85,103,130,23,256,58,74,678,52.15,109,161,55,0.342,84,78,193,0.404,18,16,25,0.64,82,14,26,0.538
"NIU (MAC)",80,12,3-9,806,4477,5.55,37,373.1,82,807,4748,5.88,46,50,395.7,37,12,8,20,2,14,16,4,0.33,45,368:55,30:45,82,50,28,284,64,5.3,10,12,81,1.0,75,39,31,4,0,18,0,327,27.2,113,50,49,0,0,14,1,393,32.8,36,478,2285,4.78,19,190.4,52,446,1714,3.84,14,142.8,18,40,12,12,12,36,0.9,123,47,14,18,11,43,0.915,56,12,78,0,6.5,56,12,78,0,6.5,116,328,185,14,2192,6.68,11.85,18,182.7,100,224,361,3034,32,8.4,13.54,252.8,120,26,434,0,16.69,3,36,17,516,0,14.33,102,97,143,27,267,102,97,143,27,267,110,76,750,62.5,65,171,67,0.392,115,72,164,0.439,92,10,23,0.435,115,14,22,0.636
"Akron (MAC)",81,12,2-10,875,4472,5.11,31,372.7,92,813,4874,6.0,47,51,406.2,128,4,9,13,14,12,26,-13,-1.08,54,365:50,30:29,105,43,30,201,58,4.8,130,55,379,4.58,108,32,28,0,0,13,1,261,21.8,117,51,48,0,0,16,0,402,33.5,126,373,1075,2.88,16,89.6,84,458,1949,4.26,25,162.4,49,43,14,10,13,37,0.86,80,53,23,10,12,45,0.849,72,19,141,0,7.42,72,19,141,0,7.42,21,502,323,12,3397,6.77,10.52,15,283.1,93,213,355,2925,22,8.24,13.73,243.8,34,43,927,0,21.56,52,36,10,681,0,18.92,82,111,118,24,253,82,111,118,24,253,99,80,721,60.08,108,171,59,0.345,40,57,162,0.352,76,11,23,0.478,125,17,25,0.68
"Missouri (SEC)",82,12,6-6,804,4452,5.54,32,371.0,28,769,4045,5.26,33,37,337.1,91,7,10,17,11,9,20,-3,-0.25,7,401:39,33:28,8,77,24,318,89,7.4,58,23,140,1.92,83,35,31,1,0,21,0,306,25.5,57,37,36,0,0,14,0,300,25.0,62,458,1904,4.16,19,158.7,34,412,1526,3.7,18,127.2,103,44,18,8,9,35,0.795,122,35,16,7,9,32,0.914,126,13,204,1,15.69,126,13,204,1,15.69,91,346,220,9,2548,7.36,11.58,13,212.3,42,212,357,2519,15,7.06,11.88,209.9,129,12,177,0,14.75,1,11,52,150,0,13.64,27,92,104,24,220,27,92,104,24,220,106,92,743,61.92,66,174,68,0.391,28,58,171,0.339,56,8,15,0.533,91,12,21,0.571
"Rice (C-USA)",83,12,5-7,792,4442,5.61,37,370.2,67,727,4529,6.23,45,52,377.4,129,8,8,16,11,19,30,-14,-1.17,13,393:50,32:49,120,42,22,230,53,4.4,85,30,196,2.5,85,39,35,1,0,11,0,304,25.3,119,52,50,1,0,14,0,406,33.8,75,428,1717,4.01,17,143.1,92,401,2006,5.0,19,167.2,84,43,16,9,10,35,0.814,100,49,14,20,9,43,0.878,96,15,140,1,9.33,96,15,140,1,9.33,72,364,213,19,2725,7.49,12.79,20,227.1,44,201,326,2523,26,7.74,12.55,210.2,104,22,389,0,17.68,114,22,31,519,0,23.59,36,93,106,25,224,36,93,106,25,224,59,69,626,52.17,42,158,66,0.418,105,64,151,0.424,63,13,26,0.5,51,9,19,0.474
"Iowa St. (Big 12)",84,12,4-8,872,4437,5.09,29,369.8,7,725,3427,4.73,28,30,285.6,113,8,7,15,7,15,22,-7,-0.58,19,388:02,32:20,82,44,40,245,64,5.3,71,26,193,2.17,114,29,27,1,0,13,0,242,20.2,21,30,30,0,0,11,0,243,20.2,117,393,1296,3.3,10,108.0,17,403,1288,3.2,8,107.3,127,44,9,13,9,31,0.705,118,32,7,15,7,29,0.906,5,10,22,0,2.2,5,10,22,0,2.2,37,479,313,15,3141,6.56,10.04,19,261.8,11,190,322,2139,20,6.64,11.26,178.2,123,21,348,0,16.57,67,37,13,745,0,20.14,10,79,90,19,188,10,79,90,19,188,35,67,553,46.08,41,191,80,0.419,6,45,156,0.288,45,15,27,0.556,104,10,17,0.588
"Louisiana (Sun Belt)",85,12,6-6,834,4415,5.29,36,367.9,48,823,4339,5.27,33,35,361.6,23,8,15,23,7,9,16,7,0.58,70,354:55,29:35,102,42,34,220,59,4.9,58,23,118,1.92,77,39,37,0,1,17,0,324,27.0,37,35,27,1,0,11,1,274,22.8,76,423,1716,4.06,10,143.0,50,426,1707,4.01,18,142.2,112,41,9,14,9,32,0.78,110,36,14,9,9,32,0.889,52,16,97,0,6.06,52,16,97,0,6.06,75,411,232,9,2699,6.57,11.63,26,224.9,59,226,397,2632,15,6.63,11.65,219.3,64,22,439,0,19.95,9,30,20,497,0,16.57,38,93,108,25,226,38,93,108,25,226,72,80,660,55.0,66,174,68,0.391,87,72,177,0.407,84,14,31,0.452,56,11,23,0.478
"Central Mich. (MAC)",86,12,4-8,834,4407,5.28,38,367.2,64,865,4473,5.17,41,44,372.8,130,6,4,10,18,10,28,-18,-1.5,107,338:48,28:14,4,78,44,415,100,8.3,88,31,215,2.58,88,40,27,6,0,6,0,297,24.8,83,44,39,2,0,9,2,338,28.2,61,444,1910,4.3,22,159.2,68,478,1795,3.76,20,149.6,122,42,19,10,2,31,0.738,22,44,13,15,6,34,0.773,71,11,81,0,7.36,71,11,81,0,7.36,98,390,219,10,2497,6.4,11.4,16,208.1,66,230,387,2678,21,6.92,11.64,223.2,44,33,701,0,21.24,29,21,23,376,0,17.9,67,105,126,16,247,67,105,126,16,247,113,84,758,63.17,104,169,60,0.355,23,60,182,0.33,51,18,33,0.545,44,12,26,0.462
"Miami (FL) (ACC)",87,12,5-7,827,4405,5.33,30,367.1,66,761,4518,5.94,38,40,376.5,91,8,14,22,13,12,25,-3,-0.25,46,368:30,30:42,18,62,44,289,84,7.0,106,36,274,3.0,98,33,32,1,0,17,0,283,23.6,68,40,40,0,0,13,1,321,26.8,95,414,1537,3.71,12,128.1,53,426,1715,4.03,18,142.9,85,48,12,14,13,39,0.812,63,47,17,10,12,39,0.83,19,15,57,0,3.8,19,15,57,0,3.8,57,413,255,12,2868,6.94,11.25,18,239.0,82,204,335,2803,20,8.37,13.74,233.6,3,35,930,1,26.57,38,13,37,237,0,18.23,31,94,107,22,223,31,94,107,22,223,98,85,720,60.0,53,166,67,0.404,100,68,162,0.42,103,9,22,0.409,105,9,15,0.6
"Army West Point (FBS Independent)",88,12,6-6,752,4393,5.84,43,366.1,45,748,4308,5.76,34,34,359.0,37,7,10,17,9,4,13,4,0.33,29,379:39,31:38,122,31,42,187,52,4.3,10,12,85,1.0,65,46,43,0,0,8,0,343,28.6,34,34,33,0,0,11,0,270,22.5,2,648,3473,5.36,38,289.4,120,473,2388,5.05,19,199.0,37,39,26,1,7,34,0.872,17,43,15,10,8,33,0.767,54,8,50,0,6.25,54,8,50,0,6.25,130,104,42,4,920,8.85,21.9,5,76.7,4,167,275,1920,15,6.98,11.5,160.0,107,12,211,0,17.58,12,23,32,387,0,16.83,44,125,93,14,232,44,125,93,14,232,14,58,467,38.92,32,159,69,0.434,67,55,142,0.387,56,16,30,0.533,53,10,21,0.476
"Syracuse (ACC)",89,12,7-5,729,4390,6.02,38,365.8,29,823,4057,4.93,32,34,338.1,23,9,10,19,4,8,12,7,0.58,113,335:08,27:56,50,58,32,300,74,6.2,121,41,252,3.42,67,41,38,1,0,18,0,340,28.3,36,34,28,1,0,12,1,272,22.7,80,410,1705,4.16,19,142.1,65,470,1792,3.81,16,149.3,42,45,16,11,12,39,0.867,83,41,13,12,10,35,0.854,76,19,146,0,7.68,76,19,146,0,7.68,76,319,196,8,2685,8.42,13.7,19,223.8,19,235,353,2265,16,6.42,9.64,188.8,2,16,426,0,26.62,78,23,42,475,0,20.65,51,116,106,15,237,51,116,106,15,237,117,105,777,64.75,98,138,50,0.362,81,65,163,0.399,105,4,10,0.4,40,10,22,0.455
"California (Pac-12)",90,12,4-8,785,4375,5.57,33,364.6,109,883,5143,5.82,42,43,428.6,28,7,11,18,3,9,12,6,0.5,97,344:30,28:42,120,38,30,201,53,4.4,88,31,251,2.58,96,36,31,2,0,12,0,287,23.9,80,43,39,2,0,11,0,334,27.8,123,319,1159,3.63,10,96.6,64,426,1789,4.2,19,149.1,76,40,8,16,9,33,0.825,49,48,17,16,6,39,0.812,101,23,228,1,9.91,101,23,228,1,9.91,29,466,291,9,3216,6.9,11.05,23,268.0,123,300,457,3354,23,7.34,11.18,279.5,99,19,342,0,18.0,63,23,29,456,0,19.83,114,107,162,12,281,114,107,162,12,281,28,63,535,44.58,105,167,59,0.353,73,66,169,0.391,62,12,23,0.522,97,15,26,0.577
"Wisconsin (Big Ten)",91,12,6-6,754,4353,5.77,39,362.8,13,762,3665,4.81,30,31,305.4,55,3,15,18,6,10,16,2,0.17,51,366:41,30:33,34,61,36,311,79,6.6,66,25,157,2.08,78,41,39,0,0,11,0,318,26.5,27,31,30,0,0,10,0,246,20.5,53,454,2079,4.58,19,173.2,12,417,1238,2.97,14,103.2,63,39,13,12,8,33,0.846,18,39,13,10,7,30,0.769,95,20,181,0,9.05,95,20,181,0,9.05,112,300,172,10,2274,7.58,13.22,20,189.5,29,208,345,2427,16,7.03,11.67,202.2,28,23,508,0,22.09,5,21,32,323,0,15.38,12,67,111,19,197,12,67,111,19,197,101,79,731,60.92,45,155,64,0.413,24,55,166,0.331,110,5,13,0.385,53,10,21,0.476
"Utah St. (Mountain West)",92,12,6-6,890,4345,4.88,31,362.1,84,826,4759,5.76,41,44,396.6,113,6,11,17,6,18,24,-7,-0.58,79,350:26,29:12,31,49,62,252,80,6.7,71,26,133,2.17,99,35,32,1,0,11,1,279,23.2,103,44,40,3,0,19,0,367,30.6,59,515,1943,3.77,14,161.9,118,483,2378,4.92,17,198.2,128,37,10,8,8,26,0.703,125,43,12,17,11,40,0.93,42,14,78,0,5.57,42,14,78,0,5.57,105,375,215,18,2402,6.41,11.17,17,200.2,25,184,343,2381,24,6.94,12.94,198.4,96,26,479,1,18.42,56,22,21,427,0,19.41,78,119,106,27,252,78,119,106,27,252,131,103,953,79.42,115,188,61,0.324,85,70,173,0.405,58,18,34,0.529,91,8,14,0.571
"Stanford (Pac-12)",93,12,3-9,824,4339,5.27,29,361.6,112,794,5209,6.56,47,50,434.1,122,5,6,11,13,8,21,-10,-0.83,64,358:49,29:54,71,52,30,266,67,5.6,121,41,209,3.42,109,29,24,2,0,18,0,256,21.3,111,50,45,1,0,13,0,386,32.2,118,376,1288,3.43,14,107.3,127,443,2693,6.08,25,224.4,39,31,13,8,6,27,0.871,26,45,14,12,9,35,0.778,66,22,154,0,7.0,66,22,154,0,7.0,46,448,275,8,3051,6.81,11.09,15,254.2,41,203,351,2516,22,7.17,12.39,209.7,71,45,888,0,19.73,21,11,40,188,0,17.09,99,135,107,23,265,99,135,107,23,265,19,55,495,41.25,79,164,62,0.378,35,53,155,0.342,61,11,21,0.524,131,17,23,0.739
"Texas A&M (SEC)",94,12,5-7,757,4331,5.72,30,360.9,52,847,4380,5.17,28,31,365.0,77,12,4,16,11,6,17,-1,-0.08,114,334:22,27:52,59,57,28,241,71,5.9,66,25,151,2.08,102,33,31,1,0,14,0,273,22.8,28,30,29,0,0,13,0,248,20.7,82,366,1698,4.64,12,141.5,124,520,2506,4.82,13,208.8,24,38,11,12,11,34,0.895,8,44,12,10,10,32,0.727,28,13,58,0,4.46,28,13,58,0,4.46,83,391,220,6,2633,6.73,11.97,18,219.4,1,184,327,1874,15,5.73,10.18,156.2,26,23,510,1,22.17,131,6,47,200,1,33.33,71,129,95,25,249,71,129,95,25,249,49,76,589,49.08,101,153,55,0.359,44,62,174,0.356,117,4,11,0.364,62,11,22,0.5
"Eastern Mich. (MAC)",95,12,8-4,824,4323,5.25,43,360.2,54,801,4403,5.5,42,43,366.9,69,7,10,17,6,11,17,0,0.0,36,373:34,31:08,115,42,24,220,54,4.5,84,29,218,2.42,64,44,43,0,0,13,0,346,28.8,89,43,37,0,0,16,0,343,28.6,78,462,1710,3.7,22,142.5,80,447,1897,4.24,22,158.1,3,45,21,13,9,43,0.956,128,46,17,14,12,43,0.935,41,18,100,0,5.56,41,18,100,0,5.56,85,362,226,11,2613,7.22,11.56,21,217.8,39,200,354,2506,20,7.08,12.53,208.8,77,37,722,1,19.51,83,35,28,738,0,21.09,76,101,113,37,251,76,101,113,37,251,130,101,925,77.08,28,162,73,0.451,110,70,163,0.429,108,9,23,0.391,118,11,17,0.647
"San Jose St. (Mountain West)",96,11,7-4,703,3921,5.58,38,356.5,26,733,3663,5.0,25,28,333.0,4,5,13,18,2,4,6,12,1.09,96,316:08,28:44,10,67,28,314,81,7.4,127,40,283,3.64,74,38,34,1,0,12,1,302,27.5,22,28,24,1,0,9,1,223,20.3,124,318,1017,3.2,18,92.5,28,412,1349,3.27,12,122.6,71,48,16,12,12,40,0.833,6,35,11,8,6,25,0.714,118,8,105,1,13.12,118,8,105,1,13.12,34,385,234,4,2904,7.54,12.41,20,264.0,45,195,321,2314,13,7.21,11.87,210.4,116,21,358,0,17.05,6,34,10,532,2,15.65,16,82,106,15,203,16,82,106,15,203,46,64,532,48.36,96,137,50,0.365,74,61,156,0.391,80,7,15,0.467,100,14,24,0.583
"Michigan St. (Big Ten)",97,12,5-7,773,4236,5.48,39,353.0,104,860,4998,5.81,40,41,416.5,98,10,2,12,4,12,16,-4,-0.33,127,314:41,26:13,42,56,40,320,76,6.3,34,18,139,1.5,91,40,31,2,0,6,0,293,24.4,76,41,38,2,0,13,1,329,27.4,112,361,1356,3.76,16,113.0,102,500,2143,4.29,14,178.6,124,39,15,10,3,28,0.718,28,47,12,17,8,37,0.787,49,15,89,0,5.93,49,15,89,0,5.93,56,412,258,12,2880,6.99,11.16,23,240.0,87,239,360,2855,26,7.93,11.95,237.9,94,23,424,0,18.43,73,31,13,633,1,20.42,105,114,140,18,272,105,114,140,18,272,71,70,659,54.92,72,152,59,0.388,113,77,177,0.435,101,12,29,0.414,109,16,26,0.615
"UNLV (Mountain West)",98,12,5-7,763,4225,5.54,33,352.1,72,839,4599,5.48,40,41,383.2,28,6,15,21,8,7,15,6,0.5,95,345:05,28:45,88,56,12,248,62,5.2,111,37,216,3.08,79,37,34,2,0,18,1,316,26.3,88,41,38,1,0,18,1,342,28.5,87,402,1645,4.09,18,137.1,78,481,1890,3.93,19,157.5,59,40,14,9,11,34,0.85,34,54,17,11,15,43,0.796,81,20,165,0,8.25,81,20,165,0,8.25,90,361,227,7,2580,7.15,11.37,15,215.0,72,223,358,2709,21,7.57,12.15,225.8,51,19,396,0,20.84,10,28,22,465,1,16.61,74,116,111,23,250,74,116,111,23,250,85,69,685,57.08,116,155,50,0.323,59,60,161,0.373,63,10,20,0.5,107,17,28,0.607
"Temple (AAC)",99,12,3-9,802,4206,5.24,29,350.5,78,832,4694,5.64,42,44,391.2,124,6,6,12,11,12,23,-11,-0.92,123,322:45,26:54,11,74,28,341,88,7.3,8,10,58,0.83,106,32,28,1,0,13,1,263,21.9,93,44,43,1,0,14,0,351,29.2,129,318,989,3.11,11,82.4,114,506,2311,4.57,21,192.6,56,34,8,11,10,29,0.853,49,48,15,13,11,39,0.812,24,13,54,0,4.15,24,13,54,0,4.15,28,484,288,12,3217,6.65,11.17,18,268.1,26,209,326,2383,21,7.31,11.4,198.6,124,41,673,0,16.41,90,36,6,773,1,21.47,44,110,110,12,232,44,110,110,12,232,11,55,444,37.0,113,173,57,0.329,47,63,174,0.362,98,14,33,0.424,62,13,26,0.5
"Vanderbilt (SEC)",100,12,5-7,791,4167,5.27,35,347.2,125,796,5536,6.95,54,56,461.3,77,11,6,17,12,6,18,-1,-0.08,25,384:40,32:03,85,48,30,190,63,5.2,25,15,87,1.25,90,39,36,2,0,7,0,295,24.6,125,56,51,0,0,15,0,432,36.0,60,445,1919,4.31,13,159.9,95,397,2050,5.16,25,170.8,52,35,10,14,6,30,0.857,76,45,13,15,10,38,0.844,125,25,379,1,15.16,125,25,379,1,15.16,113,346,200,6,2248,6.5,11.24,22,187.3,128,257,399,3486,29,8.74,13.56,290.5,40,24,511,0,21.29,58,23,26,448,0,19.48,85,90,145,21,256,85,90,145,21,256,35,63,553,46.08,88,171,63,0.368,80,60,151,0.397,113,11,29,0.379,36,12,27,0.444
"Nebraska (Big Ten)",101,12,4-8,761,4130,5.43,34,344.2,100,907,4973,5.48,40,41,414.4,91,7,9,16,6,13,19,-3,-0.25,124,320:45,26:44,98,47,26,232,60,5.0,97,32,247,2.71,103,35,34,0,0,9,0,271,22.6,79,41,37,0,0,16,0,331,27.6,100,420,1480,3.52,17,123.3,110,499,2269,4.55,22,189.1,56,34,15,7,7,29,0.853,116,41,16,11,10,37,0.902,94,20,179,0,8.95,94,20,179,0,8.95,82,341,205,13,2650,7.77,12.93,17,220.8,70,243,408,2704,18,6.63,11.13,225.3,115,26,444,0,17.08,30,15,36,270,0,18.0,109,133,129,14,276,109,133,129,14,276,23,65,510,42.5,56,165,66,0.4,104,75,177,0.424,95,3,7,0.429,121,10,15,0.667
"Virginia (ACC)",102,10,3-7,670,3441,5.14,20,344.1,44,719,3576,4.97,22,26,357.6,123,8,5,13,10,12,22,-9,-0.9,118,275:36,27:34,98,37,26,211,50,5.0,120,34,227,3.4,126,20,17,0,0,11,0,170,17.0,47,26,25,1,0,19,0,240,24.0,103,329,1231,3.74,13,123.1,72,407,1532,3.76,12,153.2,120,32,12,4,8,24,0.75,104,34,10,5,15,30,0.882,117,24,314,0,13.08,117,24,314,0,13.08,81,341,185,12,2210,6.48,11.95,7,221.0,32,191,312,2044,10,6.55,10.7,204.4,30,20,440,0,22.0,123,13,25,324,0,24.92,18,85,103,20,208,18,85,103,20,208,108,70,622,62.2,118,137,44,0.321,55,57,154,0.37,109,7,18,0.389,91,8,14,0.571
"NC State (ACC)",103,12,8-4,847,4122,4.87,31,343.5,21,772,3908,5.06,27,28,325.7,28,3,17,20,8,6,14,6,0.5,26,383:30,31:57,25,50,62,291,81,6.8,71,26,148,2.17,85,33,31,0,0,25,0,304,25.3,14,28,26,0,0,13,0,233,19.4,107,424,1452,3.42,8,121.0,11,349,1233,3.53,13,102.8,49,43,7,13,17,37,0.86,102,33,12,8,9,29,0.879,93,19,170,0,8.95,93,19,170,0,8.95,77,423,247,6,2670,6.31,10.81,23,222.5,65,244,423,2675,14,6.32,10.96,222.9,13,19,438,0,23.05,68,22,38,443,1,20.14,14,60,113,25,198,14,60,113,25,198,93,89,712,59.33,85,178,66,0.371,16,53,171,0.31,99,8,19,0.421,15,8,21,0.381
"Hawaii (Mountain West)",104,13,3-10,896,4456,4.97,29,342.8,114,863,5696,6.6,49,55,438.2,116,2,10,12,8,12,20,-8,-0.62,105,367:40,28:17,125,41,26,198,54,4.2,40,20,146,1.54,116,30,27,1,0,16,0,257,19.8,124,55,53,1,0,22,0,451,34.7,86,406,1784,4.39,16,137.2,126,495,2773,5.6,28,213.3,79,39,11,7,14,32,0.821,105,60,21,15,17,53,0.883,91,15,132,0,8.8,91,15,132,0,8.8,99,490,261,12,2672,5.45,10.24,13,205.5,68,235,368,2923,21,7.94,12.44,224.8,126,41,656,0,16.0,40,9,38,165,0,18.33,115,132,129,21,282,115,132,129,21,282,53,73,653,50.23,107,194,67,0.345,77,62,157,0.395,58,18,34,0.529,83,13,24,0.542
"Old Dominion (Sun Belt)",105,12,3-9,732,4073,5.56,27,339.4,117,927,5311,5.73,36,37,442.6,69,7,12,19,12,7,19,0,0.0,130,302:20,25:12,50,47,54,301,74,6.2,102,35,218,2.92,117,29,28,1,0,10,0,234,19.5,65,37,35,0,0,20,1,319,26.6,125,311,1107,3.56,8,92.2,119,569,2380,4.18,19,198.3,108,28,5,9,8,22,0.786,13,47,14,7,14,35,0.745,13,18,55,0,3.06,13,18,55,0,3.06,53,421,237,7,2966,7.05,12.51,19,247.2,94,232,358,2931,17,8.19,12.63,244.2,70,25,494,0,19.76,71,26,22,525,0,20.19,117,130,126,27,283,117,130,126,27,283,100,81,730,60.83,125,160,47,0.294,91,77,187,0.412,117,8,22,0.364,109,16,26,0.615
"Bowling Green (MAC)",106,12,6-6,807,4036,5.0,32,336.3,105,868,5048,5.82,48,51,420.7,62,13,9,22,11,10,21,1,0.08,68,356:12,29:41,25,62,38,331,81,6.8,106,36,241,3.0,97,36,32,4,0,10,0,286,23.8,116,51,47,5,0,12,0,399,33.2,121,394,1195,3.03,8,99.6,86,463,1956,4.22,21,163.0,113,36,7,12,9,28,0.778,57,50,19,15,7,41,0.82,22,14,57,0,4.07,22,14,57,0,4.07,59,413,251,10,2841,6.88,11.32,24,236.8,103,264,405,3092,27,7.63,11.71,257.7,50,33,688,0,20.85,96,32,16,696,0,21.75,89,102,139,19,260,89,102,139,19,260,128,97,870,72.5,110,179,61,0.341,122,83,183,0.454,89,11,25,0.44,62,13,26,0.5
"Kentucky (SEC)",106,12,7-5,744,4036,5.42,30,336.3,18,732,3842,5.25,25,26,320.2,69,7,10,17,6,11,17,0,0.0,10,396:54,33:05,123,36,30,216,51,4.2,124,42,285,3.5,105,32,25,0,0,16,0,265,22.1,12,26,20,2,0,15,2,229,19.1,109,432,1443,3.34,9,120.2,60,409,1761,4.31,16,146.8,107,47,8,17,12,37,0.787,49,32,12,5,9,26,0.812,119,8,108,0,13.5,119,8,108,0,13.5,88,312,202,11,2593,8.31,12.84,21,216.1,7,192,323,2081,9,6.44,10.84,173.4,91,26,490,1,18.85,118,14,43,334,0,23.86,8,83,91,13,187,8,83,91,13,187,16,71,479,39.92,88,152,56,0.368,43,57,160,0.356,24,13,21,0.619,31,12,28,0.429
"Northwestern (Big Ten)",108,12,1-11,886,4025,4.54,21,335.4,65,809,4497,5.56,41,43,374.8,131,6,6,12,14,17,31,-19,-1.58,85,348:18,29:01,113,42,26,213,55,4.6,48,21,130,1.75,128,21,18,0,0,7,0,165,13.8,84,43,43,0,0,13,0,340,28.3,97,469,1501,3.2,11,125.1,111,497,2296,4.62,24,191.3,119,33,11,7,7,25,0.758,107,44,19,11,9,39,0.886,74,13,98,0,7.54,74,13,98,0,7.54,95,417,245,17,2524,6.05,10.3,10,210.3,12,185,312,2201,17,7.05,11.9,183.4,119,11,184,0,16.73,4,20,8,297,0,14.85,61,125,98,21,244,61,125,98,21,244,17,55,490,40.83,83,193,72,0.373,98,69,165,0.418,77,19,40,0.475,129,12,17,0.706
"Southern Miss. (Sun Belt)",109,12,6-6,768,3990,5.2,30,332.5,55,826,4413,5.34,33,33,367.8,82,4,16,20,8,14,22,-2,-0.17,99,344:03,28:40,3,73,56,375,101,8.4,92,32,201,2.67,94,34,32,0,0,17,2,291,24.2,45,33,30,1,1,16,1,282,23.5,99,440,1481,3.37,13,123.4,46,455,1674,3.68,15,139.5,104,34,8,5,14,27,0.794,85,35,13,7,10,30,0.857,65,9,62,0,6.89,65,9,62,0,6.89,96,328,182,14,2509,7.65,13.79,17,209.1,74,224,371,2739,18,7.38,12.23,228.2,66,19,377,0,19.84,109,23,35,531,0,23.09,41,95,113,20,228,41,95,113,20,228,90,80,704,58.67,106,170,59,0.347,51,67,183,0.366,20,12,19,0.632,3,6,24,0.25
"Indiana (Big Ten)",110,12,4-8,879,3939,4.48,31,328.2,119,916,5391,5.89,49,53,449.2,98,7,7,14,5,13,18,-4,-0.33,129,306:45,25:34,87,44,37,265,62,5.2,113,38,294,3.17,99,34,27,2,0,14,1,279,23.2,121,53,50,0,0,13,0,407,33.9,114,396,1330,3.36,15,110.8,100,507,2101,4.14,19,175.1,121,43,10,12,10,32,0.744,27,55,15,19,9,43,0.782,92,27,238,1,8.81,92,27,238,1,8.81,87,483,261,13,2609,5.4,10.0,16,217.4,119,262,409,3290,30,8.04,12.56,274.2,11,30,717,2,23.9,110,18,30,417,0,23.17,109,104,149,23,276,109,104,149,23,276,33,60,543,45.25,112,191,64,0.335,106,78,184,0.424,115,9,24,0.375,36,8,18,0.444
"Navy (AAC)",111,12,4-8,834,3922,4.7,31,326.8,30,703,4068,5.79,32,34,339.0,48,11,8,19,10,6,16,3,0.25,3,415:36,34:38,37,55,46,318,78,6.5,10,12,60,1.0,106,32,26,2,0,13,1,263,21.9,52,34,32,1,0,18,0,292,24.3,7,708,2894,4.09,22,241.2,6,355,1067,3.01,7,88.9,80,33,16,1,10,27,0.818,106,35,5,11,15,31,0.886,32,17,83,1,4.88,32,17,83,1,4.88,129,126,54,6,1028,8.16,19.04,9,85.7,98,220,348,3001,25,8.62,13.64,250.1,74,22,431,0,19.59,2,24,14,342,0,14.25,8,64,110,13,187,8,64,110,13,187,3,46,376,31.33,80,196,74,0.378,45,55,154,0.357,28,23,38,0.605,98,11,19,0.579
"ULM (Sun Belt)",112,12,4-8,750,3912,5.22,32,326.0,108,829,5133,6.19,46,53,427.8,113,2,6,8,8,7,15,-7,-0.58,72,353:49,29:29,68,56,24,257,68,5.7,102,35,222,2.92,104,34,32,1,0,10,0,268,22.3,122,53,53,0,0,14,0,413,34.4,108,418,1448,3.46,16,120.7,117,483,2341,4.85,29,195.1,34,33,13,8,8,29,0.879,109,53,26,10,11,47,0.887,128,27,477,3,17.67,128,27,477,3,17.67,100,332,221,7,2464,7.42,11.15,16,205.3,79,230,346,2792,17,8.07,12.14,232.7,105,29,511,0,17.62,130,22,22,649,1,29.5,88,117,127,14,258,88,117,127,14,258,30,59,537,44.75,55,167,67,0.401,109,73,171,0.427,123,5,15,0.333,47,13,28,0.464
"Texas St. (Sun Belt)",113,12,4-8,827,3902,4.72,28,325.2,47,822,4333,5.27,36,39,361.1,48,9,11,20,7,10,17,3,0.25,55,365:27,30:27,38,58,38,287,77,6.4,79,27,205,2.25,111,30,28,0,0,15,0,253,21.1,62,39,36,1,0,14,1,316,26.3,120,383,1249,3.26,9,104.1,21,403,1394,3.46,18,116.2,11,35,7,13,12,32,0.914,41,41,15,8,10,33,0.805,69,13,93,0,7.15,69,13,93,0,7.15,80,444,275,10,2653,5.98,9.65,19,221.1,95,272,419,2939,18,7.01,10.81,244.9,110,25,434,0,17.36,47,35,18,655,0,18.71,29,72,133,16,221,29,72,133,16,221,29,59,536,44.67,92,185,68,0.368,42,62,175,0.354,123,7,21,0.333,103,17,29,0.586
"Georgia Tech (ACC)",114,12,5-7,807,3898,4.83,23,324.8,89,866,4812,5.56,37,42,401.0,7,13,11,24,4,9,13,11,0.92,103,341:30,28:27,47,62,26,286,75,6.2,115,39,239,3.25,125,24,20,0,0,14,0,206,17.2,87,42,39,1,0,16,0,341,28.4,91,426,1592,3.74,13,132.7,108,500,2263,4.53,20,188.6,126,38,10,5,12,27,0.711,40,46,16,8,13,37,0.804,130,37,686,3,18.54,130,37,686,3,18.54,111,381,219,9,2306,6.05,10.53,10,192.2,48,213,366,2549,17,6.96,11.97,212.4,47,13,273,0,21.0,66,21,24,422,0,20.1,108,128,115,31,274,108,128,115,31,274,57,69,623,51.92,122,180,55,0.306,65,66,171,0.386,123,8,24,0.333,115,14,22,0.636
"New Mexico St. (FBS Independent)",115,12,6-6,688,3891,5.66,40,324.2,31,825,4074,4.94,34,35,339.5,106,6,6,12,6,12,18,-6,-0.5,116,330:57,27:35,59,56,30,268,71,5.9,25,15,112,1.25,82,41,38,0,0,7,1,307,25.6,52,35,34,0,0,16,0,292,24.3,65,412,1859,4.51,24,154.9,75,475,1870,3.94,21,155.8,52,35,21,5,4,30,0.857,62,41,15,9,10,34,0.829,6,14,31,0,2.21,6,14,31,0,2.21,120,276,142,12,2032,7.36,14.31,16,169.3,13,205,350,2204,13,6.3,10.75,183.7,106,13,229,0,17.62,102,29,24,644,0,22.21,54,105,111,22,238,54,105,111,22,238,83,77,682,56.83,99,147,53,0.361,60,63,168,0.375,5,11,15,0.733,75,12,23,0.522
"FIU (C-USA)",116,12,4-8,824,3885,4.71,27,323.8,122,897,5425,6.05,55,58,452.1,106,9,7,16,6,16,22,-6,-0.5,121,327:09,27:16,59,56,30,252,71,5.9,34,18,114,1.5,121,29,23,2,0,7,1,224,18.7,127,58,53,1,0,14,1,447,37.2,119,356,1260,3.54,11,105.0,112,493,2301,4.67,31,191.8,130,34,9,10,4,23,0.676,71,62,26,13,13,52,0.839,103,10,101,0,10.1,103,10,101,0,10.1,84,468,271,16,2625,5.61,9.69,16,218.8,106,266,404,3124,24,7.73,11.74,260.3,60,35,712,0,20.34,100,18,23,398,0,22.11,120,120,142,29,291,120,120,142,29,291,64,74,640,53.33,127,173,50,0.289,129,90,182,0.495,95,15,35,0.429,77,11,21,0.524
"San Diego St. (Mountain West)",117,12,7-5,739,3860,5.22,24,321.7,27,779,4025,5.17,32,32,335.4,77,7,12,19,9,11,20,-1,-0.08,42,370:18,30:52,38,52,50,323,77,6.4,66,25,154,2.08,109,29,29,0,0,17,1,256,21.3,19,32,30,1,0,6,0,242,20.2,68,439,1809,4.12,11,150.8,37,406,1546,3.81,13,128.8,85,32,5,7,14,26,0.812,4,37,9,11,5,25,0.676,38,24,130,0,5.42,38,24,130,0,5.42,119,300,167,11,2051,6.84,12.28,13,170.9,35,229,373,2479,19,6.65,10.83,206.6,59,32,652,1,20.38,75,24,32,493,0,20.54,20,85,109,17,211,20,85,109,17,211,83,87,682,56.83,123,161,48,0.298,54,61,166,0.367,4,13,17,0.765,4,3,11,0.273
"Wyoming (Mountain West)",118,12,7-5,720,3786,5.26,24,315.5,58,828,4431,5.35,33,34,369.2,82,7,6,13,4,11,15,-2,-0.17,83,349:10,29:06,71,53,28,285,67,5.6,25,15,115,1.25,112,27,25,1,0,20,0,249,20.8,41,34,34,0,0,13,2,281,23.4,37,446,2253,5.05,14,187.8,67,429,1794,4.18,16,149.5,25,28,9,4,12,25,0.893,76,45,14,12,12,38,0.844,112,23,279,1,12.13,112,23,279,1,12.13,125,274,138,11,1533,5.59,11.11,10,127.8,62,241,399,2637,17,6.61,10.94,219.8,37,12,258,0,21.5,105,26,27,584,0,22.46,47,104,112,17,233,47,104,112,17,233,12,53,460,38.33,111,159,54,0.34,62,66,175,0.377,126,2,7,0.286,88,10,18,0.556
"Arkansas St. (Sun Belt)",119,12,3-9,777,3777,4.86,32,314.8,91,835,4861,5.82,48,50,405.1,48,6,6,12,4,5,9,3,0.25,86,347:55,29:00,42,52,48,242,76,6.3,113,38,274,3.17,87,35,31,1,0,17,3,300,25.0,108,50,42,3,0,9,1,377,31.4,128,381,1058,2.78,16,88.2,84,484,1949,4.03,23,162.4,9,36,13,9,11,33,0.917,124,36,17,10,6,33,0.917,60,26,174,0,6.69,60,26,174,0,6.69,73,396,247,5,2719,6.87,11.01,16,226.6,92,212,351,2912,25,8.3,13.74,242.7,33,51,"1,106",1,21.69,33,25,27,451,0,18.04,71,114,110,25,249,71,114,110,25,249,77,69,663,55.25,126,167,49,0.293,49,63,173,0.364,38,14,24,0.583,117,16,25,0.64
"Virginia Tech (ACC)",120,11,3-8,734,3448,4.7,24,313.5,61,755,4074,5.4,28,31,370.4,112,5,4,9,6,9,15,-6,-0.55,90,318:05,28:55,30,48,52,258,74,6.7,106,33,227,3.0,118,27,23,0,0,9,0,212,19.3,55,31,27,0,0,19,1,272,24.7,115,388,1212,3.12,15,110.2,39,381,1487,3.9,15,135.2,78,28,14,4,5,23,0.821,114,38,11,8,15,34,0.895,12,11,32,0,2.91,12,11,32,0,2.91,102,346,203,9,2236,6.46,11.01,9,203.3,83,222,374,2587,13,6.92,11.65,235.2,86,27,516,0,19.11,128,13,32,353,1,27.15,31,88,107,28,223,31,88,107,28,223,89,81,643,58.45,120,159,50,0.314,33,56,164,0.341,95,6,14,0.429,111,10,16,0.625
"Boston College (ACC)",121,12,3-9,803,3723,4.64,27,310.2,68,806,4534,5.63,44,45,377.8,124,8,7,15,12,14,26,-11,-0.92,88,347:29,28:57,21,61,42,293,82,6.8,129,46,360,3.83,123,27,24,0,0,9,0,213,17.8,102,45,38,1,0,18,0,364,30.3,131,363,758,2.09,6,63.2,91,458,2000,4.37,25,166.7,85,32,4,14,8,26,0.812,94,48,18,14,10,42,0.875,48,12,71,0,5.92,48,12,71,0,5.92,54,440,262,14,2965,6.74,11.32,21,247.1,46,205,348,2534,19,7.28,12.36,211.2,35,30,646,0,21.53,129,21,16,608,1,28.95,57,99,116,25,240,57,99,116,25,240,48,72,582,48.5,114,174,57,0.328,56,60,162,0.37,88,8,18,0.444,2,3,15,0.2
"Miami (OH) (MAC)",122,12,6-6,756,3701,4.9,26,308.4,62,831,4461,5.37,31,32,371.8,23,9,10,19,7,5,12,7,0.58,48,367:44,30:39,115,43,22,224,54,4.5,98,34,213,2.83,113,27,25,0,0,18,1,243,20.2,34,32,30,0,0,16,0,270,22.5,77,446,1711,3.84,13,142.6,40,414,1629,3.93,15,135.8,91,36,10,8,11,29,0.806,93,39,12,11,11,34,0.872,17,21,77,0,3.67,17,21,77,0,3.67,121,310,169,5,1990,6.42,11.78,13,165.8,86,256,417,2832,16,6.79,11.06,236.0,122,18,299,0,16.61,97,24,22,525,1,21.88,55,88,130,21,239,55,88,130,21,239,44,66,577,48.08,117,171,55,0.322,70,68,175,0.389,102,7,17,0.412,90,9,16,0.562
"Nevada (Mountain West)",123,12,2-10,825,3656,4.43,26,304.7,83,814,4754,5.84,40,45,396.2,55,8,11,19,9,8,17,2,0.17,102,341:49,28:29,42,63,26,282,76,6.3,98,34,198,2.83,120,27,25,0,0,13,0,226,18.8,104,45,43,1,0,18,1,371,30.9,110,427,1429,3.35,19,119.1,88,458,1975,4.31,23,164.6,74,35,17,2,10,29,0.829,52,43,15,8,12,35,0.814,99,15,146,0,9.73,99,15,146,0,9.73,115,398,217,8,2227,5.6,10.26,7,185.6,78,214,356,2779,17,7.81,12.99,231.6,84,33,636,0,19.27,39,16,26,293,0,18.31,48,93,119,23,235,48,93,119,23,235,74,72,661,55.08,103,194,69,0.356,102,74,175,0.423,63,13,26,0.5,118,11,17,0.647
"UConn (FBS Independent)",124,12,6-6,733,3626,4.95,28,302.2,76,833,4643,5.57,36,39,386.9,55,8,12,20,11,7,18,2,0.17,57,364:37,30:23,98,41,38,264,60,5.0,30,17,118,1.42,115,29,26,1,0,12,0,238,19.8,61,39,35,0,0,14,1,313,26.1,32,487,2339,4.8,18,194.9,89,457,1996,4.37,23,166.3,36,32,13,6,9,28,0.875,60,46,19,9,10,38,0.826,104,20,207,3,10.35,104,20,207,3,10.35,127,246,146,7,1287,5.23,8.82,10,107.2,63,238,376,2647,13,7.04,11.12,220.6,76,27,527,0,19.52,87,30,17,639,0,21.3,93,118,120,24,262,93,118,120,24,262,79,82,665,55.42,81,167,63,0.377,107,67,158,0.424,91,7,16,0.438,5,7,24,0.292
"Western Mich. (MAC)",125,12,5-7,800,3623,4.53,24,301.9,41,778,4226,5.43,33,34,352.2,37,14,11,25,8,13,21,4,0.33,56,365:23,30:27,31,62,36,323,80,6.7,124,42,238,3.5,119,27,21,2,0,13,1,228,19.0,48,34,34,0,0,17,0,289,24.1,89,465,1635,3.52,14,136.2,47,427,1681,3.94,18,140.1,123,33,11,3,10,24,0.727,35,45,16,8,12,36,0.8,37,22,119,0,5.41,37,22,119,0,5.41,122,335,167,13,1988,5.93,11.9,10,165.7,47,203,351,2545,15,7.25,12.54,212.1,75,34,664,1,19.53,107,29,16,654,0,22.55,26,85,105,27,217,26,85,105,27,217,111,80,755,62.92,121,185,58,0.314,18,50,158,0.316,74,13,27,0.481,11,7,19,0.368
"Colorado St. (Mountain West)",126,12,3-9,707,3429,4.85,16,285.8,43,828,4260,5.14,39,41,355.0,103,7,8,15,9,11,20,-5,-0.42,73,353:43,29:29,76,49,34,249,66,5.5,131,59,399,4.92,129,19,14,0,0,10,0,158,13.2,70,41,41,0,0,12,0,323,26.9,127,385,1068,2.77,4,89.0,87,473,1963,4.15,24,163.6,131,23,2,3,7,12,0.522,127,44,23,10,8,41,0.932,42,14,78,0,5.57,42,14,78,0,5.57,108,322,203,11,2361,7.33,11.63,12,196.8,21,219,355,2297,15,6.47,10.49,191.4,118,19,319,0,16.79,22,6,30,103,0,17.17,59,114,110,18,242,59,114,110,18,242,103,84,740,61.67,130,151,34,0.225,63,62,164,0.378,107,13,33,0.394,126,13,19,0.684
"Rutgers (Big Ten)",127,12,4-8,763,3385,4.44,22,282.1,37,811,4197,5.18,38,46,349.8,106,5,9,14,6,14,20,-6,-0.5,80,350:16,29:11,78,51,28,250,65,5.4,71,26,175,2.17,124,25,23,0,0,12,0,209,17.4,99,46,45,0,0,12,0,357,29.8,94,431,1538,3.57,11,128.2,53,430,1715,3.99,23,142.9,108,28,7,8,7,22,0.786,131,41,21,8,10,39,0.951,1,8,-11,0,-1.38,1,8,-11,0,-1.38,124,332,168,14,1847,5.56,10.99,11,153.9,37,224,381,2482,15,6.51,11.08,206.8,52,26,541,0,20.81,124,23,17,577,2,25.09,50,97,111,28,236,50,97,111,28,236,114,94,770,64.17,128,172,49,0.285,31,58,170,0.341,58,9,17,0.529,121,16,24,0.667
"Colorado (Pac-12)",128,12,1-11,747,3375,4.52,21,281.2,130,850,6117,7.2,70,72,509.8,124,5,6,11,12,10,22,-11,-0.92,120,328:42,27:24,126,41,16,166,49,4.1,58,23,175,1.92,127,22,20,0,0,11,0,185,15.4,131,72,69,1,0,9,2,534,44.5,116,387,1300,3.36,11,108.3,131,485,2941,6.06,39,245.1,118,29,9,6,7,22,0.759,82,68,31,21,6,58,0.853,84,34,283,1,8.32,84,34,283,1,8.32,117,360,179,10,2075,5.76,11.59,10,172.9,111,245,365,3176,31,8.7,12.96,264.7,39,35,750,0,21.43,125,10,34,255,0,25.5,128,150,145,14,309,128,150,145,14,309,45,64,579,48.25,119,164,52,0.317,131,76,143,0.531,119,11,31,0.355,56,11,23,0.478
"Massachusetts (FBS Independent)",129,12,1-11,797,3189,4.0,14,265.8,59,731,4435,6.07,46,48,369.6,91,8,9,17,6,14,20,-3,-0.25,17,389:07,32:26,56,50,44,223,72,6.0,66,25,169,2.08,131,16,13,1,0,13,0,150,12.5,106,48,46,0,0,13,0,373,31.1,69,520,1786,3.43,10,148.8,116,466,2332,5.0,29,194.3,94,25,8,2,10,20,0.8,107,44,22,8,9,39,0.886,53,23,143,0,6.22,53,23,143,0,6.22,126,277,136,14,1403,5.06,10.32,4,116.9,10,143,265,2103,17,7.94,14.71,175.2,93,34,638,0,18.76,30,25,13,450,0,18.0,40,103,88,36,227,40,103,88,36,227,120,91,800,66.67,129,194,55,0.284,15,43,139,0.309,94,13,30,0.433,78,9,17,0.529
"Iowa (Big Ten)",130,12,7-5,724,3065,4.23,18,255.4,4,814,3335,4.1,17,18,277.9,37,8,13,21,10,7,17,4,0.33,101,342:33,28:33,47,50,50,330,75,6.2,111,37,271,3.08,122,23,22,0,0,17,2,215,17.9,6,18,17,0,0,16,0,173,14.4,122,399,1167,2.92,12,97.2,13,433,1249,2.88,4,104.1,88,26,7,4,10,21,0.808,31,34,4,10,13,27,0.794,18,18,67,0,3.72,18,18,67,0,3.72,123,325,178,7,1898,5.84,10.66,6,158.2,9,223,381,2086,13,5.48,9.35,173.8,27,20,443,0,22.15,17,17,29,289,0,17.0,11,87,93,13,193,11,87,93,13,193,7,51,415,34.58,124,165,49,0.297,21,62,191,0.325,110,5,13,0.385,112,17,27,0.63
"New Mexico (Mountain West)",131,12,2-10,694,2737,3.94,15,228.1,46,780,4322,5.54,34,38,360.2,37,9,9,18,5,9,14,4,0.33,84,348:27,29:02,88,42,40,252,62,5.2,126,43,250,3.58,130,17,16,0,0,13,0,157,13.1,60,38,37,1,0,15,0,312,26.0,102,439,1478,3.37,12,123.2,77,460,1889,4.11,19,157.4,108,28,11,2,9,22,0.786,126,29,13,4,10,27,0.931,62,26,176,1,6.77,62,26,176,1,6.77,128,255,137,9,1259,4.94,9.19,3,104.9,30,195,320,2433,15,7.6,12.48,202.8,23,25,560,1,22.4,98,14,20,308,0,22.0,23,99,92,22,213,23,99,92,22,213,55,73,614,51.17,131,159,35,0.22,32,57,167,0.341,128,4,15,0.267,128,16,23,0.696
